agenda;fecha;importe;c1_punto;c1_tipo;c1_letra;c1_numero;c2_punto;c2_tipo;c2_letra;c2_numero
00000207;2026-01-05;562998.46;00003;02;A;00000893;00003;05;;00100814
00000207;2026-01-05;750000.0;00003;02;A;00000893;00003;05;;00100816
00000207;2026-01-05;429408.83;00003;02;A;00000893;00003;05;;00100819
00000207;2026-01-05;24333.0;00003;02;A;00000910;00003;05;;00100819
00000207;2026-01-05;300000.0;00003;02;A;00000910;00003;05;;00100822
00000207;2026-01-05;387356.29;00003;02;A;00000910;00003;05;;00007665
00000207;2026-01-05;612643.71;00003;02;A;00000914;00003;05;;00007665
00000207;2026-01-05;6458.84;00003;02;A;00000914;00003;05;;00007675
00000207;2026-01-05;308694.52;00003;02;A;00000924;00003;05;;00007675
00000207;2026-01-05;184846.64;00003;02;A;00000955;00003;05;;00007675
00000207;2026-01-05;750000.0;00003;02;A;00000955;00003;05;;00100835
00000207;2026-01-05;1000000.0;00003;02;A;00000955;00003;05;;00100846
00000207;2026-01-05;860750.69;00003;02;A;00000955;00003;05;;00100857
00000207;2026-01-05;39249.31;00003;02;A;00000973;00003;05;;00100857
00000207;2026-01-05;800000.0;00003;02;A;00000973;00003;05;;00100856
00000207;2026-01-05;186145.41;00003;02;A;00000973;00003;05;;00007695
00000207;2026-01-05;1981354.59;00003;02;A;00000994;00003;05;;00007695
00000207;2026-01-05;1000000.0;00003;02;A;00000994;00003;05;;00007648
00000207;2026-01-05;394333.93;00003;02;A;00000994;00003;05;;00100896
00000207;2026-01-05;405666.07;00003;02;A;00001026;00003;05;;00100896
00000207;2026-01-05;244602.68;00003;02;A;00001026;00003;05;;00007760
00000207;2026-01-05;373400.68;00003;02;A;00001033;00003;05;;00007760
00000207;2026-01-05;381996.64;00003;02;A;00001041;00003;05;;00007760
00000207;2026-01-05;900000.0;00003;02;A;00001041;00003;05;;00100914
00000207;2026-01-05;1400000.0;00003;02;A;00001041;00003;05;;00007770
00000207;2026-01-05;1500000.0;00003;02;A;00001041;00003;05;;00100924
00000207;2026-01-05;45002.11;00003;02;A;00001041;00003;05;;00100942
00000207;2026-01-05;1354997.89;00003;02;A;00001058;00003;05;;00100942
00000207;2026-01-05;39079.61;00003;02;A;00001058;00003;05;;00007786
00000207;2026-01-05;443920.39;00003;02;A;00001081;00003;05;;00007786
00000007;2026-01-08;0.02;00003;02;A;00001020;00003;10;;00000118
00000007;2026-01-08;0.0;00003;02;A;00001082;00003;10;;00000119
00000031;2026-01-08;0.01;00003;02;A;00000904;00003;10;;00000120
00000067;2026-01-12;980312.96;00003;02;A;00001143;00003;04;A;00000145
00000242;2026-01-14;52902.61;00003;02;A;00001077;00003;04;A;00000125
00000242;2026-01-14;77303.43;00003;02;A;00001077;00003;04;A;00000141
00000014;2026-01-14;65184.49;00003;02;A;00000165;00003;04;A;00000028
00000014;2026-01-14;90079.5;00003;02;A;00000972;00003;04;A;00000127
00000014;2026-01-14;2308.88;00003;02;A;00000023;00003;04;A;00000006
00000014;2026-01-14;42072.94;00003;02;A;00000023;00003;05;;00005897
00000014;2026-01-14;131.61;00003;02;A;00000023;00003;05;;00006841
00000014;2026-01-14;95.3;00003;02;A;00000023;00003;04;A;00000029
00000014;2026-01-14;10429.7;00003;02;A;00000169;00003;04;A;00000029
00000014;2026-01-14;5825.79;00003;02;A;00000169;00003;05;;00100196
00000014;2026-01-14;0.32;00003;02;A;00000263;00003;05;;00100196
00000014;2026-01-14;2612.18;00003;02;A;00000263;00003;04;A;00000042
00000014;2026-01-14;0.32;00003;19;;00000213;00003;04;A;00000042
00000022;2026-01-14;2280472.8;00003;02;A;00001089;00003;04;A;00000137
00000026;2026-01-14;1291669.31;00003;02;A;00001059;00003;04;A;00000133
00000026;2026-01-14;149650.0;00003;02;A;00001128;00003;04;A;00000143
00000026;2026-01-14;3088703.7;00003;02;A;00001147;00003;04;A;00000146
00000026;2026-01-14;494744.8;00003;02;A;00001159;00003;04;A;00000132
00000031;2026-01-14;55355.3;00003;02;A;00000916;00003;04;A;00000120
00000067;2026-01-14;200018.5;00003;02;A;00000742;00003;04;A;00000115
00000067;2026-01-14;200018.5;00003;02;A;00001143;00003;04;A;00000138
00000080;2026-01-14;255942.23;00003;02;A;00000938;00003;04;A;00000121
00000080;2026-01-14;31129.75;00003;02;A;00001064;00003;05;;00007642
00000139;2026-01-14;13244568.68;00003;02;A;00001031;00003;04;A;00000129
00000168;2026-01-14;2383121936.06;00003;02;A;00000577;00003;04;A;00000091
00000190;2026-01-14;300882.6;00003;02;B;00000191;00003;04;B;00000051
00000188;2026-01-14;147.5;00003;02;B;00000201;00003;04;B;00000054
00000213;2026-01-14;849969.17;00003;02;A;00000786;00003;04;A;00000109
00000213;2026-01-14;109154.1;00003;02;A;00000823;00003;04;A;00000112
00000213;2026-01-14;559637.2;00003;02;A;00000961;00003;04;A;00000131
00000213;2026-01-14;1177858.0;00003;02;A;00001063;00003;04;A;00000134
00000258;2026-01-14;543096400.0;00003;02;B;00000196;00003;04;B;00000052
00000275;2026-01-14;1003511.79;00003;02;A;00001118;00003;04;A;00000142
00000280;2026-01-14;2433100.0;00003;02;A;00001073;00003;04;A;00000136
00000281;2026-01-14;472875.0;00003;02;B;00000198;00003;04;B;00000053
00000285;2026-01-14;143438.15;00003;02;B;00000200;00003;04;A;00000140
00000294;2026-01-14;456869.93;00003;02;A;00001141;00003;04;A;00000144
00000013;2026-01-14;115879.23;00003;02;A;00000947;00003;04;A;00000128
00000013;2026-01-14;106927.17;00003;02;A;00000690;00003;04;A;00000139
00000173;2026-01-14;20973.35;00003;02;A;00000414;00003;04;A;00000081
00000004;2026-02-18;2329749.1;00003;02;A;00001145;00003;04;A;00000149
00000014;2026-02-23;223425.5;00003;02;A;00001176;00003;04;A;00000152
00000034;2026-03-16;790.77;01900;02;B;19211772;01900;05;;00007725
00000034;2026-03-16;535.94;01900;02;B;19211855;01900;05;;00007725
00000056;2026-03-16;1410.0;01900;02;B;19211882;01900;04;B;00000019
00000067;2026-03-18;92542.23;00003;02;A;00001210;00003;04;A;00000157
00000067;2026-03-18;92542.23;00003;02;A;00001195;00003;04;A;00000158
00000139;2026-04-13;335279.8;00003;02;A;00001157;00003;04;A;00000150
00000005;2026-05-20;703504.58;00003;02;A;00001214;00003;04;A;00000161
00000005;2026-05-20;299642.2;00003;02;A;00001240;00003;04;A;00000163
00000027;2026-06-08;459835.53;00003;02;A;00001177;00003;04;A;00000151
00000233;2026-06-08;134085.4;00003;02;A;00001207;00003;04;A;00000156
00000233;2026-06-08;202288.95;00003;02;A;00001229;00003;04;A;00000160
00000233;2026-06-08;666208.4;00003;02;A;00001238;00003;04;A;00000162
00000139;2026-06-11;1013230.35;00003;02;A;00001231;00003;04;A;00000165
00000007;2026-07-08;552475.0;00003;02;A;00001291;00003;04;A;00000166
00000007;2026-07-08;72753.0;00003;02;A;00001262;00003;05;;00007856
00000007;2026-07-08;7324.59;00003;02;A;00001291;00003;05;;00007856
00000275;2026-07-27;1566572.7;00003;02;A;00001162;00003;04;A;00000147
00000275;2026-07-27;1566572.7;00003;02;A;00001163;00003;04;A;00000148
00000268;2026-08-06;249973.9;00003;02;A;00001221;00003;04;A;00000159
00000235;2026-08-06;533039.25;00003;02;B;00000210;00003;04;B;00000055
00000014;2026-08-06;312720.0;00003;02;A;00001318;00003;04;A;00000167
00000021;2026-08-06;23109.44;00003;02;A;00000425;00003;04;A;00000032
00000098;2026-08-06;384777.4;00003;02;A;00001268;00003;04;A;00000164
00000017;2026-09-14;188832.6;00003;02;B;00000211;00003;04;B;00000056
