estado;punto;tipo_cod;tipo;letra;numero;agenda;fecha;vencimiento;importe;cancelado;moneda_cod;importe_moneda;cancelado_moneda
0x9d;00003;02;FA;A;00000007;00000004;2021-03-29;2021-03-29;83549.43;84045.4;9;859.12;859.12
0x9d;00003;02;FA;A;00000023;00000014;2021-04-16;2021-04-16;55256.79;55256.79;9;562.41;231.88
0x9d;00003;02;FA;A;00000068;00000013;2021-06-16;2021-06-16;62606.17;62606.17;9;624.5;0.0
0x9d;00003;02;FA;A;00000102;00000094;2021-08-13;2021-08-13;16638.13;16638.13;9;162.72;104.74
0x9d;00003;02;FA;A;00000118;00000013;2021-08-25;2021-08-25;51532.48;51532.48;9;503.99;0.0
0x9d;00003;02;FA;A;00000146;00000007;2021-10-12;2021-10-12;140557.14;140557.14;9;1348.27;1051.46
0x9d;00003;02;FA;A;00000169;00000014;2021-11-10;2021-11-10;73604.49;73604.49;9;699.33;544.88
0x9d;00003;02;FA;A;00000254;00000011;2022-03-16;2022-03-16;27008.65;27008.65;9;235.88;0.0
0x9d;00003;02;FA;A;00000262;00000005;2022-04-20;2022-04-20;93220.39;93220.38;9;785.01;625.64
0x9d;00003;02;FA;A;00000277;00000021;2022-04-30;2022-04-30;383853.64;383853.64;9;3192.13;2097.56
0x9d;00003;02;FA;A;00000293;00000011;2022-05-16;2022-05-16;264871.99;264871.99;9;2153.43;1765.81
0x9d;00003;02;FA;A;00000294;00000011;2022-05-16;2022-05-16;145680.2;145680.2;9;1184.39;0.0
0x9d;00003;02;FA;A;00000299;00000021;2022-05-26;2022-05-26;286713.55;286713.55;9;2302.92;1566.74
0x9d;00003;02;FA;A;00000307;00000011;2022-06-15;2022-06-15;17661.3;17661.3;9;138.52;0.0
0x9d;00003;02;FA;A;00000343;00000011;2022-08-09;2022-08-09;309756.08;309756.08;9;2212.54;2065.04
0x9d;00003;02;FA;A;00000397;00000021;2022-10-25;2022-10-25;584534.41;584534.41;9;3630.65;3453.67
0x9d;00003;02;FA;A;00000414;00000173;2022-11-15;2022-11-15;594099.83;594099.83;9;3525.82;3000.09
0x9d;00003;02;FA;A;00000502;00000013;2023-04-03;2023-04-03;289.94;289.94;9;289.94;1.34
0x9d;00003;02;FA;A;00000519;00000173;2023-04-20;2023-04-20;88851.84;88851.84;9;396.66;94.82
0x9d;00003;02;FA;A;00000541;00000159;2023-05-22;2023-05-22;316517.22;316517.22;9;1302.54;1199.44
0x9d;00003;02;FA;A;00000543;00000021;2023-05-29;2023-05-29;328614.36;328614.36;9;1330.42;1177.83
0x9d;00003;02;FA;A;00000590;00000192;2023-08-22;2023-08-22;469674.65;469674.65;9;1621.13;1286.78
0x9d;00003;02;FA;A;00000674;00000013;2023-12-29;2023-12-29;47808.0;47808.0;9;119.52;0.0
0x9d;00003;02;FA;A;00000677;00000013;2024-01-09;2024-01-09;60784.0;60784.0;9;151.96;37.38
0x9d;00003;02;FA;A;00000804;00000207;2024-08-06;2024-08-06;2995297.38;2995297.38;9;3138.08;3079.51
0x9d;00003;02;FA;A;00000870;00000028;2024-11-20;2024-11-20;203638.38;203638.38;1;199.06;0.0
0x9d;00003;02;FA;A;00000886;00000028;2024-12-20;2024-12-20;412556.62;412556.62;1;394.98;0.0
0x9d;00003;02;FA;A;00000889;00000165;2024-12-27;2024-12-27;249854.23;249854.23;1;237.73;171.13
0x9d;00003;02;FA;A;00000897;00000028;2025-01-08;2025-01-08;77024.64;77024.64;1;72.94;0.0
0x9d;00003;02;FA;A;00000936;00000028;2025-03-12;2025-03-12;562329.91;562329.91;1;517.68;0.0
0x9d;00003;02;FA;A;00000959;00000028;2025-04-21;2025-04-21;728634.87;728634.87;1;663.9;0.0
0x9d;00003;02;FA;A;00000976;00000165;2025-05-13;2025-05-13;497633.52;497633.52;1;432.72;340.84
0x9d;00003;02;FA;A;00000984;00000028;2025-05-19;2025-05-19;559279.5;559279.5;1;486.33;0.0
0x9d;00003;02;FA;A;00001035;00000005;2025-07-28;2025-07-28;324959.25;163531.5;1;254.87;128.26
0x9d;00003;02;FA;A;00001039;00000242;2025-08-07;2025-08-07;3356797.2;3356797.2;1;2495.76;2386.33
0x9d;00003;02;FA;A;00001041;00000207;2025-08-07;2025-08-07;4226998.75;4226998.75;1;3142.75;0.0
0x9d;00003;02;FA;A;00001047;00000080;2025-08-07;2025-08-07;236841.05;236841.05;1;176.09;172.25
0x9d;00003;02;FA;A;00001050;00000139;2025-08-27;2025-08-27;7662861.52;6561601.52;1;5634.46;4637.17
0x9d;00003;02;FA;A;00001054;00000007;2025-09-08;2025-09-08;2012519.52;2012491.0;1;1412.29;1412.28
0x9d;00003;02;FA;A;00001055;00000242;2025-09-09;2025-09-09;4848106.5;4848106.5;1;3402.18;3371.25
0x9d;00003;02;FA;A;00001058;00000207;2025-09-09;2025-09-09;1394077.5;1394077.5;1;978.3;0.0
0x9d;00003;02;FA;A;00001064;00000080;2025-09-16;2025-09-16;438731.2;438731.19;1;296.44;296.44
0x9d;00003;02;FA;A;00001077;00000242;2025-10-07;2025-10-07;2911236.75;2730206.04;1;2000.85;1880.8
0x9d;00003;02;FA;A;00001081;00000207;2025-10-09;2025-10-09;3370068.78;3370068.78;1;2277.07;1978.29
0x9d;00003;02;FA;A;00001092;00000165;2025-10-15;2025-10-15;253293.4;253293.4;1;180.28;177.75
0x9d;00003;02;FA;A;00001102;00000207;2025-11-12;2025-11-12;3436072.01;3436072.01;1;2411.28;2404.43
0x9d;00003;02;FA;A;00001103;00000007;2025-11-12;2025-11-12;1502860.58;1502860.58;1;1054.64;1052.59
0x9d;00003;02;FA;A;00001105;00000165;2025-11-12;2025-11-12;1569441.28;1569441.28;1;1101.36;1074.96
0x9d;00003;02;FA;A;00001109;00000139;2025-11-13;2025-11-13;11817185.54;9647078.09;1;8234.97;6722.7
0x9d;00003;02;FA;A;00001111;00000242;2025-11-13;2025-11-13;2761675.15;0.0;1;1924.51;0.0
0x9d;00003;02;FA;A;00001114;00000139;2025-11-13;2025-11-13;7095654.55;6819765.66;1;4944.71;4752.45
0x9d;00003;02;FA;A;00001124;00000004;2025-12-11;2025-12-11;2440550.6;2440550.6;1;1671.61;1665.9
0x9d;00003;02;FA;A;00001126;00000207;2025-12-11;2025-12-11;3254703.83;2874699.51;1;2229.25;2013.17
0x9d;00003;02;FA;A;00001129;00000012;2025-12-11;2025-12-11;149650.0;149650.0;1;102.5;101.46
0x9d;00003;02;FA;A;00001132;00000213;2025-12-11;2025-12-11;134699.6;134699.6;1;92.26;91.01
0x9d;00003;02;FA;A;00001138;00000014;2025-12-11;2025-12-11;140057.8;140057.8;1;95.93;95.6
0x9d;00003;02;FA;A;00001149;00000015;2026-01-12;2026-01-12;75155.6;0.0;1;50.44;0.0
0x9d;00003;02;FA;A;00001154;00000295;2026-01-12;2026-01-12;1556891.46;1556891.46;1;1044.89;1033.32
0x9d;00003;02;FA;A;00001159;00000026;2026-01-13;2026-01-13;2989112.1;2989112.1;1;2006.12;2005.84
0x9d;00003;02;FA;A;00001173;00000007;2026-02-06;2026-02-06;962771.0;962771.0;1;663.98;646.16
0x9d;00003;02;FA;A;00001174;00000295;2026-02-10;2026-02-10;1138717.5;1138717.5;1;799.1;763.13
0x9d;00003;02;FA;A;00001175;00000233;2026-02-10;2026-02-10;76237.5;76237.5;1;53.5;53.13
0x9d;00003;02;FA;A;00001176;00000014;2026-02-10;2026-02-10;421785.75;421785.75;1;295.99;292.14
0x9d;00003;02;FA;A;00001182;00000233;2026-02-11;2026-02-11;75828.0;75828.0;1;53.4;52.84
0x9d;00003;02;FA;A;00001188;00000207;2026-02-19;2026-02-19;843906.0;843906.0;1;594.3;582.0
0x9d;00003;02;FA;A;00001189;00000280;2026-02-20;2026-02-20;743535.0;0.0;1;533.0;0.0
0x9d;00003;02;FA;A;00001190;00000280;2026-02-20;2026-02-20;804915.0;0.0;1;577.0;0.0
0x9d;00003;02;FA;A;00001191;00000233;2026-03-02;2026-03-02;76777.9;76777.9;1;54.26;53.65
0x9d;00003;02;FA;A;00001225;00000007;2026-04-10;2026-04-10;1483146.0;1483146.0;1;1059.39;1052.08
0x9d;00003;02;FA;A;00001226;00000026;2026-04-10;2026-04-10;2125627.0;2125627.0;1;1518.31;1486.45
0x9d;00003;02;FA;A;00001228;00000207;2026-04-10;2026-04-10;191310.0;191310.0;1;136.65;131.95
0x9d;00003;02;FA;A;00001233;00000028;2026-04-20;2026-04-20;521995.05;521995.05;1;374.19;367.64
0x9d;00003;02;FA;A;00001235;00000031;2026-04-23;2026-04-23;202288.95;202288.95;1;145.01;142.55
0x9d;00003;02;FA;A;00001249;00000281;2026-04-30;2026-04-30;134019.6;134019.6;1;94.38;91.79
0x9d;00003;02;FA;A;00001257;00000013;2026-05-14;2026-05-14;1025282.6;1025282.6;1;722.03;681.25
0x9d;00003;02;FA;A;00001259;00000207;2026-05-14;2026-05-14;750668.8;633954.1;1;528.64;444.49
0x9d;00003;02;FA;A;00001262;00000007;2026-05-14;2026-05-14;1411664.6;1411664.6;1;994.13;895.59
0x9d;00003;02;FA;A;00001264;00000233;2026-05-15;2026-05-15;84319.6;84319.6;1;59.38;57.75
0x9d;00003;02;FA;A;00001270;00000233;2026-05-18;2026-05-18;84632.0;84632.0;1;59.6;57.97
0x9d;00003;02;FA;A;00001271;00000139;2026-05-18;2026-05-18;5956425.01;5400000.0;1;4194.67;3588.04
0x9d;00003;02;FA;A;00001274;00000020;2026-05-26;2026-05-26;99165.75;99165.75;1;69.59;66.33
0x9d;00003;02;FA;A;00001281;00000168;2026-05-30;2026-05-30;11626217.97;11626217.97;0;0.0;0.0
0x9d;00003;02;FA;A;00001282;00000168;2026-05-30;2026-05-30;12825047.85;0.0;0;0.0;0.0
0x9d;00003;02;FA;A;00001287;00000028;2026-06-16;2026-06-16;61328.25;61328.25;1;42.15;40.48
0x9d;00003;02;FA;A;00001288;00000025;2026-06-16;2026-06-16;2075964.9;2075964.9;1;1426.78;1370.27
0x9d;00003;02;FA;A;00001289;00000020;2026-06-16;2026-06-16;161112.15;0.0;1;110.73;0.0
0x9d;00003;02;FA;A;00001291;00000007;2026-06-17;2026-06-17;1507263.6;1506825.19;1;1035.92;1035.92
0x9d;00003;02;FA;A;00001292;00000295;2026-06-17;2026-06-17;2227202.4;2227202.4;1;1530.72;1509.02
0x9d;00003;02;FA;A;00001293;00000013;2026-06-17;2026-06-17;1085182.65;1085182.65;1;745.83;718.66
0x9d;00003;02;FA;A;00001297;00000233;2026-06-22;2026-06-22;98117.0;98117.0;1;66.52;64.76
0x9d;00003;02;FA;A;00001299;00000295;2026-06-22;2026-06-22;280058.25;280058.25;1;189.87;185.23
0x9d;00003;02;FA;A;00001304;00000295;2026-06-27;2026-06-27;122430.8;122430.8;1;81.08;80.3
0x9d;00003;02;FA;A;00001309;00000007;2026-07-08;2026-07-08;1772287.0;1772287.0;1;1173.7;1173.56
0x9d;00003;02;FA;A;00001310;00000025;2026-07-08;2026-07-08;5479140.7;5479140.7;1;3628.57;3616.59
0x9d;00003;02;FA;A;00001313;00000139;2026-07-17;2026-07-17;9618718.5;0.0;1;6412.48;0.0
0x9d;00003;02;FA;A;00001315;00000295;2026-07-20;2026-07-20;1973247.6;1749768.57;1;1315.5;1157.51
0x9d;00003;02;FA;A;00001316;00000026;2026-07-20;2026-07-20;144360.0;144360.0;1;96.24;95.6
0x9d;00003;02;FA;A;00001317;00000275;2026-07-20;2026-07-20;632702.25;632702.25;1;421.8;417.63
0x9d;00003;02;FA;A;00001324;00000022;2026-07-27;2026-07-27;552672.0;0.0;1;363.6;0.0
0x9d;00003;02;FA;A;00001329;00000295;2026-07-31;2026-07-31;138395.25;0.0;1;91.35;0.0
0x9d;00003;02;FA;A;00001333;00000139;2026-08-10;2026-08-10;8239671.48;0.0;1;5420.84;0.0
0x9d;00003;02;FA;A;00001334;00000020;2026-08-10;2026-08-10;96398.4;96398.4;1;63.42;63.21
0x9d;00003;02;FA;A;00001335;00000281;2026-08-10;2026-08-10;572546.0;572546.0;1;376.68;375.44
0x9d;00003;02;FA;A;00001336;00000295;2026-08-10;2026-08-10;845819.2;0.0;1;556.46;0.0
0x9d;00003;02;FA;A;00001337;00000295;2026-08-11;2026-08-11;72871.5;0.0;1;48.1;0.0
0x9d;00003;02;FA;A;00001338;00000007;2026-08-11;2026-08-11;2821460.25;2745687.4;1;1862.35;1812.33
0x9d;00003;02;FA;A;00001340;00000013;2026-08-12;2026-08-12;2462102.25;2462102.25;1;1625.15;1625.15
0x9d;00003;02;FA;A;00001341;00000004;2026-08-18;2026-08-18;7647546.0;7647546.0;1;5064.6;4998.4
0x9d;00003;02;FA;A;00001343;00000352;2026-08-20;2026-08-20;128290.2;128290.2;1;84.68;83.85
0x9d;00003;02;FA;A;00001345;00000295;2026-08-20;2026-08-20;159574.95;0.0;1;105.33;0.0
0x9d;00003;02;FA;A;00001346;00000295;2026-08-20;2026-08-20;422685.0;0.0;1;279.0;0.0
0x9d;00003;02;FA;A;00001347;00000080;2026-08-24;2026-08-24;228734.75;0.0;1;149.99;0.0
0x9d;00003;02;FA;A;00001348;00000080;2026-08-24;2026-08-24;114375.0;0.0;1;75.0;0.0
0x9d;00003;02;FA;A;00001349;00000295;2026-08-24;2026-08-24;171028.75;0.0;1;112.15;0.0
0x9d;00003;02;FA;A;00001350;00000295;2026-08-24;2026-08-24;158615.25;0.0;1;104.01;0.0
0x9d;00003;02;FA;A;00001351;00000012;2026-08-24;2026-08-24;220316.75;220316.75;1;144.47;144.47
0x9d;00003;02;FA;A;00001352;00000353;2026-08-24;2026-08-24;121939.0;121939.0;1;79.96;79.96
0x9d;00003;02;FA;A;00001354;00000351;2026-08-24;2026-08-24;5149727.4;5149727.4;1;3399.16;3399.16
0x9d;00003;02;FA;B;00000040;00000024;2021-10-14;2021-10-14;228890.27;228890.27;9;2195.59;1250.77
0x9d;00003;02;FA;B;00000051;00000024;2022-01-18;2022-01-18;367948.28;367948.28;9;3375.67;2021.69
0x9d;00003;02;FA;B;00000052;00000024;2022-02-16;2022-02-16;232184.3;232184.3;9;2073.07;1275.74
0x9d;00003;02;FA;B;00000077;00000024;2022-07-18;2022-07-18;159707.59;159707.59;9;1183.02;877.51
0x9d;00003;02;FA;B;00000083;00000024;2022-08-10;2022-08-10;284820.26;284820.26;9;2034.43;1564.95
0x9d;00003;02;FA;B;00000091;00000024;2022-09-16;2022-09-16;660908.04;660908.04;9;4435.62;3611.52
0x9d;00003;02;FA;B;00000096;00000024;2022-10-24;2022-10-24;256652.81;256652.81;9;1599.08;1410.18
0x9d;00003;02;FA;B;00000207;00000017;2026-03-02;2026-03-02;976059.93;976059.93;1;689.8;677.82
0x9d;00003;03;ND;A;00000004;00000233;2025-11-18;2025-11-18;44977.9;44977.9;1;31.79;31.56
0x9d;00003;03;ND;A;00000005;00000233;2025-11-18;2025-11-18;205206.55;205206.55;1;145.02;144.0
0x9d;00003;03;ND;A;00000007;00000026;2026-08-24;2026-08-24;420000.1;420000.1;1;275.41;275.41
0x60;00003;04;NC;A;00000007;00000039;2021-04-30;2021-04-30;131001.64;131001.64;9;1333.35;69.12
0x60;00003;04;NC;A;00000024;00000039;2021-09-14;2021-09-14;7170.98;7170.98;9;70.65;24.83
0x60;00003;04;NC;A;00000069;00000173;2022-11-28;2022-11-28;88585.51;88585.51;9;525.73;0.0
0x60;00003;04;NC;A;00000118;00000018;2025-02-21;2025-02-21;78836.73;0.0;1;73.13;0.0
0x60;00003;04;NC;A;00000130;00000005;2025-07-28;2025-07-28;163531.5;0.0;1;128.26;0.0
0x60;00003;04;NC;A;00000138;00000067;2025-10-15;2025-10-15;200018.5;200018.5;9;225.5;0.0
0x60;00003;04;NC;A;00000153;00000280;2026-02-23;2026-02-23;743535.0;0.0;1;533.0;0.0
0x60;00003;04;NC;A;00000154;00000280;2026-02-23;2026-02-23;804915.0;0.0;1;577.0;0.0
0x60;00003;04;NC;A;00000155;00000004;2026-03-11;2026-03-11;96800.15;0.0;1;68.41;0.0
0x60;00003;04;NC;A;00000168;00000080;2026-08-24;2026-08-24;228734.75;0.0;1;149.99;0.0
0x60;00003;04;NC;A;00000169;00000080;2026-08-24;2026-08-24;114375.0;0.0;1;75.0;0.0
0x60;00003;04;NC;B;00000043;00000188;2024-10-29;2024-10-29;2.0;2.0;1;1.0;0.0
0x60;00003;05;RC;;00100219;00000015;2022-01-27;2022-01-27;4769.84;4682.32;0;0.0;0.0
0x60;00003;05;RC;;00100736;00000020;2025-01-28;2025-01-28;2896.9;2733.51;0;0.0;0.0
0x60;00003;05;RC;;00100943;00000028;2025-12-01;2025-12-01;593144.7;527067.05;0;0.0;0.0
0x60;00003;05;RC;;00101070;00000207;2026-06-29;2026-06-29;496719.02;0.0;0;0.0;0.0
0x60;00003;05;RC;;00101109;00000028;2026-08-20;2026-08-20;800000.0;696492.0;0;0.0;0.0
0x9d;01900;02;FA;A;00000181;00000210;2026-01-08;2026-01-08;12220.29;0.0;0;0.0;0.0
0x9d;01900;02;FA;A;00000182;00000209;2026-01-08;2026-01-08;12217.35;0.0;0;0.0;0.0
0x9d;01900;02;FA;A;00000202;00000304;2026-02-18;2026-02-18;8568.96;7992.61;0;0.0;0.0
0x9d;01900;02;FA;A;00000236;00000006;2026-06-16;2026-06-16;1007.82;1007.82;0;0.0;0.0
0x9d;01900;02;FA;A;00000243;00000006;2026-06-29;2026-06-29;1016.4;687.4;0;0.0;0.0
0x9d;01900;02;FA;A;00000255;00000006;2026-08-12;2026-08-12;30.05;0.0;0;0.0;0.0
0x9d;01900;02;FA;A;00000262;00000260;2026-08-03;2026-08-03;86.75;0.0;0;0.0;0.0
0x9d;01900;02;FA;A;00070321;00000086;2021-04-26;2021-04-26;262.31;200.0;0;0.0;0.0
0x9d;01900;02;FA;A;00122010;00000086;2021-01-14;2021-01-14;643.14;186.0;0;0.0;0.0
0x9d;01900;02;FA;B;19211382;00000064;2024-12-20;2024-12-20;109.06;0.0;0;0.0;0.0
0x9d;01900;02;FA;B;19211618;00000191;2025-08-07;2025-08-07;1047.44;1047.44;0;0.0;0.0
0x9d;01900;02;FA;B;19211764;00000291;2025-11-28;2025-11-28;7085.0;2608.56;0;0.0;0.0
0x9d;01900;02;FA;B;19211779;00000243;2025-12-12;2025-12-12;617.8;0.0;0;0.0;0.0
0x9d;01900;02;FA;B;19211780;00000243;2025-12-11;2025-12-11;342.21;218.21;0;0.0;0.0
0x9d;01900;02;FA;B;19211797;00000243;2025-12-12;2025-12-12;446.41;0.0;0;0.0;0.0
0x9d;01900;02;FA;B;19211798;00000243;2025-12-12;2025-12-12;475.19;0.0;0;0.0;0.0
0x9d;01900;02;FA;B;19211801;00000243;2026-01-07;2026-01-07;1155.22;0.0;0;0.0;0.0
0x9d;01900;02;FA;B;19211835;00000243;2026-01-26;2026-01-26;266.37;0.0;0;0.0;0.0
0x9d;01900;02;FA;B;19211851;00000058;2026-02-11;2026-02-11;294.14;178.3;0;0.0;0.0
0x9d;01900;02;FA;B;19211872;00000221;2026-02-20;2026-02-20;658.42;126.0;0;0.0;0.0
0x9d;01900;02;FA;B;19211891;00000058;2026-03-09;2026-03-09;530.94;0.0;0;0.0;0.0
0x9d;01900;02;FA;B;19211910;00000058;2026-03-25;2026-03-25;410.77;0.0;0;0.0;0.0
0x9d;01900;02;FA;B;19211926;00000058;2026-04-01;2026-04-01;565.96;0.0;0;0.0;0.0
0x9d;01900;02;FA;B;19211951;00000221;2026-04-09;2026-04-09;331.66;0.0;0;0.0;0.0
0x9d;01900;02;FA;B;19211953;00000255;2026-04-13;2026-04-13;395.16;383.22;0;0.0;0.0
0x9d;01900;02;FA;B;19211973;00000221;2026-04-27;2026-04-27;345.54;0.0;0;0.0;0.0
0x9d;01900;02;FA;B;19211979;00000221;2026-03-17;2026-03-17;726.66;0.0;0;0.0;0.0
0x9d;01900;02;FA;B;19211987;00000221;2026-05-04;2026-05-04;1002.35;0.0;0;0.0;0.0
0x9d;01900;02;FA;B;19211992;00000221;2026-05-07;2026-05-07;314.32;0.0;0;0.0;0.0
0x9d;01900;02;FA;B;19211998;00000132;2026-05-18;2026-05-18;551.12;551.12;0;0.0;0.0
0x9d;01900;02;FA;B;19212030;00000058;2026-06-01;2026-06-01;210.07;0.0;0;0.0;0.0
0x9d;01900;02;FA;B;19212034;00000221;2026-06-04;2026-06-04;299.64;299.64;0;0.0;0.0
0x9d;01900;02;FA;B;19212038;00000132;2026-06-16;2026-06-16;722.19;722.19;0;0.0;0.0
0x9d;01900;02;FA;B;19212039;00000058;2026-06-16;2026-06-16;194.59;0.0;0;0.0;0.0
0x9d;01900;02;FA;B;19212048;00000325;2026-06-16;2026-06-16;42.15;8.12;0;0.0;0.0
0x9d;01900;02;FA;B;19212049;00000040;2026-06-16;2026-06-16;69.8;0.0;0;0.0;0.0
0x9d;01900;02;FA;B;19212056;00000066;2026-06-16;2026-06-16;144.04;144.04;0;0.0;0.0
0x9d;01900;02;FA;B;19212067;00000221;2026-06-26;2026-06-26;283.58;283.58;0;0.0;0.0
0x9d;01900;02;FA;B;19212070;00000219;2026-06-29;2026-06-29;73.93;0.0;0;0.0;0.0
0x9d;01900;02;FA;B;19212076;00000068;2026-06-30;2026-06-30;2934.77;2934.77;0;0.0;0.0
0x9d;01900;02;FA;B;19212098;00000221;2026-07-03;2026-07-03;184.29;184.29;0;0.0;0.0
0x9d;01900;02;FA;B;19212100;00000191;2026-07-08;2026-07-08;1243.5;670.92;0;0.0;0.0
0x9d;01900;02;FA;B;19212104;00000132;2026-07-13;2026-07-13;1137.94;1137.94;0;0.0;0.0
0x9d;01900;02;FA;B;19212106;00000043;2026-07-13;2026-07-13;1048.37;1048.37;0;0.0;0.0
0x9d;01900;02;FA;B;19212110;00000068;2026-07-13;2026-07-13;264.33;264.33;0;0.0;0.0
0x9d;01900;02;FA;B;19212111;00000202;2026-07-20;2026-07-20;129.39;129.39;0;0.0;0.0
0x9d;01900;02;FA;B;19212114;00000066;2026-07-17;2026-07-17;843.99;129.12;0;0.0;0.0
0x9d;01900;02;FA;B;19212120;00000043;2026-07-22;2026-07-22;2832.05;545.22;0;0.0;0.0
0x9d;01900;02;FA;B;19212128;00000034;2026-07-29;2026-07-29;1978.5;1978.5;0;0.0;0.0
0x9d;01900;02;FA;B;19212131;00000068;2026-08-03;2026-08-03;2337.15;550.6;0;0.0;0.0
0x9d;01900;02;FA;B;19212140;00000072;2026-08-10;2026-08-10;389.49;192.62;0;0.0;0.0
0x9d;01900;02;FA;B;19212141;00000063;2026-08-12;2026-08-12;3543.95;3543.95;0;0.0;0.0
0x9d;01900;02;FA;B;19212142;00000132;2026-08-12;2026-08-12;2369.83;2369.83;0;0.0;0.0
0x9d;01900;02;FA;B;19212143;00000061;2026-08-12;2026-08-12;4251.03;0.0;0;0.0;0.0
0x9d;01900;02;FA;B;19212146;00000246;2026-08-11;2026-08-11;307.02;100.0;0;0.0;0.0
0x9d;01900;02;FA;B;19212150;00000068;2026-08-12;2026-08-12;244.77;0.0;0;0.0;0.0
0x9d;01900;02;FA;B;19212152;00000350;2026-05-08;2026-05-08;383.99;383.99;0;0.0;0.0
0x9d;01900;02;FA;B;19212156;00000350;2026-08-07;2026-08-07;752.18;752.18;0;0.0;0.0
0x9d;01900;02;FA;B;19212164;00000252;2026-08-19;2026-08-19;455.45;455.45;0;0.0;0.0
0x9d;01900;02;FA;B;19212165;00000068;2026-08-20;2026-08-20;1190.48;0.0;0;0.0;0.0
0x9d;01900;02;FA;B;19212167;00000090;2026-08-20;2026-08-20;824.47;824.47;0;0.0;0.0
0x9d;01900;02;FA;B;19212168;00000221;2026-08-20;2026-08-20;378.31;0.0;0;0.0;0.0
0x9d;01900;02;FA;B;19212169;00000068;2026-08-24;2026-08-24;1187.71;0.0;0;0.0;0.0
0x9d;01900;02;FA;B;19212170;00000344;2026-08-24;2026-08-24;704.72;704.72;0;0.0;0.0
0x60;01900;05;RC;;00000166;00000157;2022-05-04;2022-05-04;864.0;756.0;0;0.0;0.0
0x60;01900;05;RC;;00000429;00000113;2023-02-01;2023-02-01;100.0;87.04;0;0.0;0.0
0x60;01900;05;RC;;00001014;00000246;2025-10-27;2025-10-27;272.0;260.0;0;0.0;0.0
0x60;01900;05;RC;;00001139;00000309;2026-01-08;2026-01-08;2072.77;0.0;0;0.0;0.0
0x60;01900;05;RC;;00001361;00000056;2026-08-20;2026-08-20;5000.0;394.21;0;0.0;0.0
0x60;01900;05;RC;;00001362;00000056;2026-08-21;2026-08-21;167.0;0.0;0;0.0;0.0
0x60;01900;05;RC;;00001367;00000056;2026-08-26;2026-08-26;300.0;0.0;0;0.0;0.0
0x60;01900;05;RC;;00001368;00000056;2026-08-26;2026-08-26;554.0;0.0;0;0.0;0.0
0x60;01900;05;RC;;00001369;00000056;2026-08-25;2026-08-25;1032.0;0.0;0;0.0;0.0
0x60;01900;05;RC;;00007190;00000064;2024-07-11;2024-07-11;302.93;238.99;0;0.0;0.0
0x60;01900;05;RC;;00007790;00000167;2025-12-23;2025-12-23;200.0;170.18;0;0.0;0.0
0x60;01900;05;RC;;00007866;00000068;2026-03-17;2026-03-17;706.71;567.31;0;0.0;0.0
0x60;01900;05;RC;;00007940;00000246;2026-06-22;2026-06-22;1067.0;935.68;0;0.0;0.0
0x60;01900;19;19;;00000003;00000064;2025-03-06;2025-03-06;45.12;0.0;0;0.0;0.0
0x60;01900;19;19;;00000006;00000113;2025-03-11;2025-03-11;12.96;0.0;0;0.0;0.0
0x60;01900;19;19;;00000007;00000113;2025-03-11;2025-03-11;25.92;0.0;0;0.0;0.0
0x60;01900;19;19;;00000008;00000157;2025-03-11;2025-03-11;108.0;0.0;0;0.0;0.0
0x60;01900;05;RC;;00001372;00000056;2026-08-21;2026-08-21;1100.0;0.0;0;0.0;0.0
0x9d;01900;02;FA;B;19212172;00000297;2026-08-24;2026-08-24;1071.0;1071.0;0;0.0;0.0
0x9d;01900;02;FA;B;19212173;00000122;2026-08-26;2026-08-26;210.06;210.06;0;0.0;0.0
0x9d;01900;02;FA;B;19212174;00000122;2026-08-19;2026-08-19;517.88;517.88;0;0.0;0.0
0x9d;01900;02;FA;A;00000264;00000080;2026-08-18;2026-08-18;149.99;149.99;0;0.0;0.0
0x9d;01900;02;FA;A;00000265;00000080;2026-08-19;2026-08-19;75.0;75.0;0;0.0;0.0
0x60;01900;05;RC;;00008053;00000080;2026-08-21;2026-08-21;300.0;224.99;0;0.0;0.0
0x9d;00003;02;FA;A;00001355;00000308;2026-08-25;2026-08-25;209159.1;209159.1;1;136.26;136.26
0x9d;00003;02;FA;A;00001356;00000022;2026-08-26;2026-08-26;2075766.3;0.0;1;1356.71;0.0
0x9d;01900;02;FA;B;19212175;00000181;2026-08-25;2026-08-25;611.62;611.62;0;0.0;0.0
0x9d;01900;02;FA;B;19212176;00000181;2026-08-26;2026-08-26;611.62;611.62;0;0.0;0.0
0x9d;00003;02;FA;A;00001357;00000235;2026-08-26;2026-08-26;2422915.65;2422915.65;1;1583.61;1583.61
0x9d;01900;02;FA;B;19212177;00000181;2026-08-26;2026-08-26;611.62;611.62;0;0.0;0.0
0x9d;01900;02;FA;A;00000266;00000143;2026-08-28;2026-08-28;200.0;200.0;0;0.0;0.0
0x9d;01900;02;FA;B;19212178;00000296;2026-08-24;2026-08-24;261.2;261.2;0;0.0;0.0
0x9d;01900;02;FA;A;00000267;00000006;2026-08-31;2026-08-31;568.42;0.0;0;0.0;0.0
0x9d;01900;02;FA;A;00000268;00000136;2026-08-31;2026-08-31;184.8;0.0;0;0.0;0.0
0x9d;00003;02;FA;A;00001358;00000295;2026-08-26;2026-08-26;295596.0;0.0;1;193.2;0.0
0x9d;00003;02;FA;A;00001359;00000295;2026-08-26;2026-08-26;142060.5;0.0;1;92.85;0.0
0x9d;00003;02;FA;A;00001360;00000067;2026-09-03;2026-09-03;912260.77;912260.77;0;0.0;0.0
0x9d;00003;02;FA;A;00001361;00000067;2026-09-04;2026-09-04;1410876.78;1410876.78;0;0.0;0.0
0x9d;01900;02;FA;B;19212179;00000214;2026-09-02;2026-09-02;359.39;359.39;0;0.0;0.0
0x9d;01900;02;FA;B;19212180;00000112;2026-09-03;2026-09-03;3005.17;3005.17;0;0.0;0.0
0x9d;01900;02;FA;B;19212181;00000112;2026-08-24;2026-08-24;275.27;275.27;0;0.0;0.0
0x9d;01900;02;FA;B;19212182;00000312;2026-09-02;2026-09-02;419.58;419.58;0;0.0;0.0
0x9d;01900;02;FA;B;19212183;00000305;2026-09-03;2026-09-03;420.14;420.14;0;0.0;0.0
0x9d;01900;02;FA;B;19212184;00000170;2026-09-07;2026-09-07;2040.37;0.0;0;0.0;0.0
0x60;01900;05;RC;;00001377;00000056;2026-08-24;2026-08-24;2000.0;0.0;0;0.0;0.0
0x60;01900;05;RC;;00001385;00000132;2026-09-02;2026-09-02;4870.61;4687.25;0;0.0;0.0
0x9d;01900;02;FA;A;00000269;00000218;2026-08-31;2026-08-31;220.81;220.81;0;0.0;0.0
0x9d;01900;02;FA;A;00000270;00000169;2026-08-27;2026-08-27;453.45;453.45;0;0.0;0.0
0x9d;01900;02;FA;B;19212185;00000296;2026-08-26;2026-08-26;61.9;61.9;0;0.0;0.0
0x9d;01900;02;FA;B;19212186;00000354;2026-08-14;2026-08-14;2260.79;0.0;0;0.0;0.0
0x60;01900;05;RC;;00001390;00000200;2026-09-07;2026-09-07;2495.75;0.0;0;0.0;0.0
0x9d;01900;02;FA;A;00000271;00000006;2026-09-07;2026-09-07;426.41;0.0;0;0.0;0.0
0x9d;01900;02;FA;B;19212187;00000344;2026-09-07;2026-09-07;661.01;0.0;0;0.0;0.0
0x9d;00003;02;FA;A;00001362;00000005;2026-09-07;2026-09-07;709308.0;709308.0;1;463.6;463.6
0x9d;00003;02;FA;B;00000211;00000017;2026-09-07;2026-09-07;1069737.75;1069737.75;1;699.18;699.18
0x9d;00003;02;FA;A;00001363;00000281;2026-09-07;2026-09-07;257108.85;257108.85;1;168.05;168.05
0x9d;00003;02;FA;A;00001364;00000235;2026-09-09;2026-09-09;5661604.35;5661604.35;1;3700.4;3700.4
0x9d;00003;02;FA;A;00001365;00000139;2026-09-09;2026-09-09;9778406.26;0.0;1;6391.12;0.0
0x9d;00003;02;FA;A;00001366;00000025;2026-09-09;2026-09-09;2796901.2;0.0;1;1828.04;0.0
0x9d;00003;02;FA;A;00001367;00000007;2026-09-09;2026-09-09;1692807.3;0.0;1;1106.41;0.0
0x9d;00003;02;FA;A;00001368;00000004;2026-09-09;2026-09-09;4922178.3;0.0;1;3217.11;0.0
0x9d;01900;02;FA;B;19212188;00000132;2026-09-09;2026-09-09;5446.91;0.0;0;0.0;0.0
0x9d;01900;02;FA;B;19212189;00000132;2026-09-09;2026-09-09;367.02;0.0;0;0.0;0.0
0x9d;01900;02;FA;A;00000272;00000006;2026-09-09;2026-09-09;683.77;0.0;0;0.0;0.0
0x9d;01900;02;FA;B;19212190;00000045;2026-09-09;2026-09-09;735.92;0.0;0;0.0;0.0
0x9d;01900;02;FA;B;19212191;00000061;2026-09-09;2026-09-09;2047.99;0.0;0;0.0;0.0
0x9d;01900;02;FA;B;19212192;00000063;2026-09-09;2026-09-09;6913.49;0.0;0;0.0;0.0
0x9d;01900;02;FA;B;19212062;00000056;2026-06-25;2026-06-25;18474.0;17449.0;0;0.0;0.0
0x60;01900;05;RC;;00001397;00000056;2026-09-10;2026-09-10;2800.0;0.0;0;0.0;0.0
0x60;01900;05;RC;;00001398;00000056;2026-09-10;2026-09-10;100.0;0.0;0;0.0;0.0
0x9d;01900;02;FA;B;19212193;00000056;2026-09-10;2026-09-10;11633.79;0.0;0;0.0;0.0
0x9d;01900;02;FA;B;19212194;00000056;2026-09-10;2026-09-10;5000.0;5000.0;0;0.0;0.0
0x9d;01900;02;FA;B;19212195;00000056;2026-09-10;2026-09-10;8963.05;8963.05;0;0.0;0.0
0x60;00003;04;NC;B;00000056;00000017;2026-09-10;2026-09-10;188832.6;188832.6;1;123.42;123.42
0x9d;00003;02;FA;A;00001369;00000026;2026-09-10;2026-09-10;2945415.24;0.0;1;1925.11;0.0
0x60;00003;04;NC;A;00000170;00000026;2026-09-10;2026-09-10;2945415.24;0.0;1;1925.11;0.0
0x9d;00003;03;ND;A;00000008;00000026;2026-09-10;2026-09-10;2525414.94;2525414.94;1;1650.6;1650.6
0x60;00003;04;NC;A;00000171;00000025;2026-09-10;2026-09-10;141448.5;0.0;1;92.45;0.0
0x9d;01900;02;FA;B;19212196;00000202;2026-09-10;2026-09-10;18278.32;0.0;0;0.0;0.0
0x9d;01900;02;FA;B;19212197;00000337;2026-09-14;2026-09-14;637.52;0.0;0;0.0;0.0
0x9d;01900;02;FA;B;19212198;00000142;2026-09-15;2026-09-15;117.5;117.5;0;0.0;0.0
0x9d;01900;02;FA;B;19212199;00000264;2026-09-15;2026-09-15;125.13;125.13;0;0.0;0.0
0x9d;01900;02;FA;B;19212200;00000090;2026-09-15;2026-09-15;660.08;0.0;0;0.0;0.0
0x9d;01900;02;FA;B;19212201;00000296;2026-09-15;2026-09-15;117.38;117.38;0;0.0;0.0
0x9d;01900;02;FA;B;19212202;00000316;2026-09-15;2026-09-15;57.35;57.35;0;0.0;0.0
0x9d;01900;02;FA;B;19212203;00000312;2026-09-15;2026-09-15;732.52;0.0;0;0.0;0.0
0x9d;01900;02;FA;A;00000273;00000334;2026-09-10;2026-09-10;218.07;218.07;0;0.0;0.0
0x9d;01900;02;FA;A;00000274;00000218;2026-09-16;2026-09-16;375.21;375.21;0;0.0;0.0
0x9d;00003;02;FA;A;00001370;00000028;2026-09-16;2026-09-16;844743.6;0.0;1;552.12;0.0
0x9d;00003;02;FA;A;00001371;00000281;2026-09-16;2026-09-16;127571.4;0.0;1;83.38;0.0
0x9d;01900;02;FA;A;00000275;00000136;2026-09-16;2026-09-16;912.37;0.0;0;0.0;0.0
0x9d;00003;02;FA;A;00001372;00000005;2026-09-16;2026-09-16;65790.0;0.0;1;43.0;0.0
0x9d;00003;02;FA;A;00001373;00000012;2026-09-16;2026-09-16;210084.3;0.0;1;137.31;0.0
0x9d;00003;02;FA;A;00001374;00000022;2026-09-16;2026-09-16;30829.5;0.0;1;20.15;0.0
0x9d;00003;02;FA;A;00001375;00000295;2026-09-16;2026-09-16;180417.6;0.0;1;117.92;0.0
0x60;01900;05;RC;;00001404;00000056;2026-09-15;2026-09-15;6530.0;2963.05;0;0.0;0.0
0x9d;01900;02;FA;B;19212204;00000343;2026-09-17;2026-09-17;74.24;74.24;0;0.0;0.0
0x60;01900;05;RC;;00001413;00000056;2026-09-16;2026-09-16;620.0;0.0;0;0.0;0.0
0x9d;01900;02;FA;B;19212205;00000200;2026-09-21;2026-09-21;3753.76;0.0;0;0.0;0.0
0x9d;01900;02;FA;A;00000276;00000006;2026-09-21;2026-09-21;521.18;0.0;0;0.0;0.0
0x9d;01900;02;FA;B;19212206;00000296;2026-09-21;2026-09-21;150.03;0.0;0;0.0;0.0
0x9d;01900;02;FA;B;19212207;00000344;2026-09-21;2026-09-21;512.79;0.0;0;0.0;0.0
0x9d;01900;02;FA;A;00000277;00000353;2026-09-21;2026-09-21;89.13;0.0;0;0.0;0.0
0x9d;01900;02;FA;B;19212208;00000355;2026-09-21;2026-09-21;146.97;146.97;0;0.0;0.0
0x9d;01900;02;FA;B;19212209;00000037;2026-09-21;2026-09-21;992.76;0.0;0;0.0;0.0
