rc_punto;rc_numero;rc_agenda;punto;tipo_cod;tipo;letra;numero;importe;a_cuenta;moneda_pago;fecha_cpte
01900;00007793;00000043;01900;02;FA;B;19211659;334.1;0.0;0.0;2025-09-15
01900;00001064;00000243;01900;02;FA;B;19211799;567.45;0.0;0.0;2025-12-16
01900;00007795;00000252;01900;02;FA;B;19211773;329.22;0.0;0.0;2025-12-12
01900;00007795;00000252;01900;02;FA;B;19211790;290.78;0.0;0.0;2025-12-22
00003;00007794;00000007;00003;02;FA;A;00001082;96512.43;0.0;65.12;2025-10-09
00003;00007794;00000007;00003;02;FA;A;00001103;1398487.57;0.0;981.4;2025-11-12
01900;00001065;00000136;01900;02;FA;A;00000173;674.47;0.0;0.0;2025-12-12
01900;00001066;00000214;01900;02;FA;B;19211767;143.68;0.0;0.0;2025-12-12
00003;00007796;00000017;00003;02;FA;B;00000202;358048.88;0.0;242.75;2025-12-23
00003;00007796;00000017;00003;02;FA;B;00000204;308424.6;0.0;208.4;2025-12-30
00003;00007797;00000207;00003;02;FA;A;00001081;2000000.0;0.0;1351.35;2025-10-09
00003;00100959;00000013;00003;02;FA;A;00001140;296534.0;0.0;201.04;2025-12-23
00003;00100960;00000292;00003;02;FA;A;00001142;91671.2;0.0;61.94;2025-12-31
00003;00100961;00000258;00003;02;FA;B;00000205;429333.2;0.0;290.09;2025-12-31
01900;00001067;00000293;01900;02;FA;B;19211795;265.0;0.0;0.0;2025-12-29
01900;00001068;00000243;01900;02;FA;B;19211399;9.02;0.0;0.0;2025-01-09
01900;00001068;00000243;01900;02;FA;B;19211724;470.0;0.0;0.0;2025-10-21
01900;00001069;00000111;01900;02;FA;B;19211802;102.19;0.0;0.0;2026-01-08
00003;00100962;00000242;00003;02;FA;A;00001077;400000.0;0.0;268.46;2025-10-07
01900;00001070;00000122;01900;02;FA;B;19211765;553.33;0.0;0.0;2025-11-03
01900;00007717;00000191;01900;02;FA;B;19211486;63.54;0.0;0.0;2025-04-21
01900;00007717;00000191;01900;02;FA;B;19211509;1043.96;0.0;0.0;2025-05-13
01900;00007717;00000191;01900;02;FA;B;19211581;304.75;0.0;0.0;2025-07-14
01900;00007717;00000191;01900;02;FA;B;19211618;209.75;0.0;0.0;2025-08-07
00003;00100963;00000293;00003;02;FA;B;00000206;79742.4;0.0;53.88;2025-12-31
01900;00007908;00000288;01900;02;FA;B;19211817;100.32;0.0;0.0;2026-01-15
01900;00007799;00000216;01900;02;FA;A;00000180;2478.0;0.0;0.0;2025-12-26
00003;00007800;00000207;00003;02;FA;A;00001081;800000.0;0.0;540.54;2025-10-09
00003;00100964;00000014;00003;02;FA;A;00001158;223425.5;0.0;149.95;2026-01-13
01900;00001071;00000066;01900;02;FA;B;19211813;410.0;0.0;0.0;2026-01-12
01900;00001072;00000112;01900;02;FA;B;19211757;619.72;0.0;0.0;2025-11-18
00003;00100965;00000067;00003;02;FA;A;00001143;1930900.5;0.0;0.0;2025-12-31
00003;00100965;00000067;00003;02;FA;A;00001144;1224422.17;0.0;0.0;2025-12-31
01900;00001073;00000061;01900;02;FA;B;19211743;2760.06;0.0;0.0;2025-11-13
01900;00001073;00000061;01900;02;FA;B;19211771;4430.91;0.0;0.0;2025-12-12
01900;00001073;00000061;01900;02;FA;B;19211808;2786.36;0.0;0.0;2026-01-12
00003;00100966;00000213;00003;02;FA;A;00001150;132058.7;0.0;88.63;2026-01-12
01900;00001074;00000122;01900;02;FA;B;19211819;385.34;0.0;0.0;2026-01-14
00003;00100967;00000026;00003;02;FA;A;00001159;2494367.3;0.0;1638.0;2026-01-13
00003;00100967;00000026;00003;64;AC;;00000000;50887.88;0.0;0.0;2026-01-14
01900;00007851;00000043;01900;02;FA;B;19211702;123.49;0.0;0.0;2025-10-14
01900;00007851;00000043;01900;02;FA;B;19211740;287.51;0.0;0.0;2025-11-13
01900;00001075;00000297;01900;02;FA;B;19211823;542.0;0.0;0.0;2026-01-16
01900;00001076;00000296;01900;02;FA;B;19211821;302.76;0.0;0.0;2026-01-14
01900;00001077;00000296;01900;02;FA;B;19211822;126.14;0.0;0.0;2026-01-15
00003;00100968;00000281;00003;02;FA;A;00001161;70655.2;0.0;47.74;2026-01-14
01900;00001078;00000206;01900;02;FA;B;19211814;302.18;0.0;0.0;2026-01-12
01900;00007909;00000300;01900;02;FA;B;19211829;233.0;0.0;0.0;2026-01-19
01900;00007910;00000006;01900;02;FA;A;00000160;724.0;0.0;0.0;2025-09-15
01900;00007993;00000296;01900;02;FA;B;19212080;222.0;0.0;0.0;2026-06-30
01900;00007921;00000006;01900;02;FA;A;00000160;81.84;0.0;0.0;2025-09-15
01900;00007921;00000006;01900;02;FA;A;00000164;949.16;0.0;0.0;2025-10-14
01900;00007913;00000063;01900;02;FA;B;19211810;4813.68;0.0;0.0;2026-01-12
01900;00007852;00000046;01900;02;FA;A;00000175;720.01;0.0;0.0;2025-12-12
00003;00007853;00000207;00003;02;FA;A;00001081;126148.39;0.0;86.4;2025-10-09
00003;00007853;00000207;00003;02;FA;A;00001102;508480.61;0.0;348.27;2025-11-12
00003;00100969;00000233;00003;02;FA;A;00001135;68493.38;0.0;46.91;2025-12-11
00003;00100969;00000233;00003;02;FA;A;00001152;75930.4;0.0;50.96;2026-01-12
00003;00100970;00000298;00003;02;FA;A;00001164;1566572.7;0.0;1073.0;2026-01-20
01900;00001079;00000122;01900;02;FA;B;19211820;213.95;0.0;0.0;2026-01-13
00003;00100971;00000005;00003;02;FA;A;00001125;455082.0;0.0;311.7;2025-12-11
01900;00001080;00000048;01900;02;FA;B;19211804;92.8;0.0;0.0;2026-01-12
01900;00001081;00000050;01900;02;FA;B;19211775;1089.42;0.0;0.0;2025-12-12
01900;00001081;00000050;01900;02;FA;B;19211811;659.0;0.0;0.0;2026-01-12
01900;00001082;00000301;01900;02;FA;B;19211830;246.0;0.0;0.0;2026-01-19
01900;00001083;00000243;01900;02;FA;B;19211724;8.14;0.0;0.0;2025-10-21
01900;00001083;00000243;01900;02;FA;B;19211796;387.98;0.0;0.0;2025-12-09
01900;00001083;00000243;01900;02;FA;B;19211780;218.21;0.0;0.0;2025-12-11
00003;00100972;00000027;00003;02;FA;A;00001160;475733.57;0.0;321.44;2026-01-14
01900;00001084;00000214;01900;02;FA;B;19211831;216.39;0.0;0.0;2026-01-27
01900;00007915;00000056;01900;02;FA;B;19211815;3000.0;0.0;0.0;2026-01-12
01900;00007854;00000058;01900;02;FA;B;19211507;242.62;0.0;0.0;2025-05-13
01900;00007854;00000058;01900;02;FA;B;19211546;157.38;0.0;0.0;2025-06-12
00003;00007916;00000007;00003;02;FA;A;00001103;104373.01;0.0;71.19;2025-11-12
00003;00007916;00000007;00003;02;FA;A;00001127;162994.4;0.0;111.64;2025-12-11
00003;00007916;00000007;00003;02;FA;A;00001156;232632.59;0.0;156.13;2026-01-13
01900;00007855;00000276;01900;02;FA;B;19211832;159.41;0.0;0.0;2026-01-30
01900;00007914;00000006;01900;02;FA;A;00000164;1093.08;0.0;0.0;2025-10-14
01900;00007914;00000006;01900;02;FA;A;00000171;276.92;0.0;0.0;2025-11-13
00003;00100974;00000022;00003;02;FA;A;00001153;193700.0;0.0;130.0;2026-01-12
00003;00100975;00000302;00003;02;FA;A;00001167;204514.0;0.0;139.6;2026-01-28
01900;00001085;00000144;01900;02;FA;B;19211833;266.0;0.0;0.0;2026-01-28
01900;00001086;00000240;01900;02;FA;B;19211834;235.4;0.0;0.0;2026-01-16
01900;00001087;00000243;01900;02;FA;B;19211836;269.64;0.0;0.0;2026-01-23
01900;00001088;00000299;01900;02;FA;B;19211828;89.0;0.0;0.0;2026-01-19
01900;00001089;00000301;01900;02;FA;B;19211839;65.0;0.0;0.0;2026-01-22
01900;00001101;00000296;01900;02;FA;B;19211861;392.39;0.0;0.0;2026-01-28
00003;00100987;00000165;00003;02;FA;A;00001130;616264.98;0.0;422.1;2025-12-11
01900;00001111;00000221;01900;02;FA;B;19211506;900.17;0.0;0.0;2025-05-13
01900;00001111;00000221;01900;02;FA;B;19211578;599.83;0.0;0.0;2025-07-14
01900;00001112;00000221;01900;02;FA;B;19211578;1500.0;0.0;0.0;2025-07-14
01900;00001139;00000309;01900;02;FA;B;19211820;230.62;0.0;0.0;2025-09-12
01900;00001139;00000309;01900;02;FA;B;19211815;374.87;0.0;0.0;2025-10-02
01900;00001139;00000309;01900;02;FA;B;19211816;763.82;0.0;0.0;2025-11-17
01900;00001139;00000309;01900;02;FA;B;19211817;703.46;0.0;0.0;2025-11-20
00003;00100973;00000028;00003;02;FA;A;00001148;1000000.0;0.0;671.14;2026-01-12
00003;00100976;00000018;00003;02;FA;A;00000623;13628.23;0.0;37.29;2023-10-18
00003;00100976;00000018;00003;02;FA;A;00000871;67241.79;0.0;65.73;2024-11-20
00003;00100976;00000018;00003;02;FA;A;00000900;141461.76;0.0;133.96;2025-01-08
00003;00100976;00000018;00003;02;FA;A;00001086;177807.2;0.0;120.14;2025-10-09
01900;00007917;00000042;01900;02;FA;B;19211375;313.35;0.0;0.0;2024-12-23
01900;00007917;00000042;01900;02;FA;B;19211400;334.42;0.0;0.0;2025-01-09
01900;00007917;00000042;01900;02;FA;B;19211416;352.23;0.0;0.0;2025-02-18
01900;00001090;00000181;01900;02;FA;B;19211824;611.62;0.0;0.0;2026-01-07
01900;00001091;00000045;01900;02;FA;B;19211807;758.4;0.0;0.0;2026-01-12
01900;00007920;00000006;01900;02;FA;A;00000171;600.0;0.0;0.0;2025-11-13
01900;00007919;00000202;01900;02;FA;B;19211762;5322.19;0.0;0.0;2025-11-26
01900;00007919;00000202;01900;02;FA;B;19211781;1821.46;0.0;0.0;2025-11-28
01900;00007919;00000202;01900;02;FA;B;19211793;145.25;0.0;0.0;2025-12-26
01900;00007918;00000056;01900;02;FA;B;19211815;1995.0;0.0;0.0;2026-01-12
01900;00001092;00000132;01900;02;FA;B;19211805;711.1;0.0;0.0;2026-01-12
01900;00001093;00000056;01900;02;FA;B;19211815;4350.0;0.0;0.0;2026-01-12
00003;00100977;00000207;00003;02;FA;A;00001102;1000000.0;0.0;701.75;2025-11-12
00003;00007923;00000025;00003;02;FA;A;00001179;2258468.25;0.0;1584.89;2026-02-10
01900;00009999;00000016;01900;02;FA;A;00000190;335.83;0.0;0.0;2026-02-09
01900;00009999;00000016;01900;02;FA;A;00000195;311.32;0.0;0.0;2026-02-11
01900;00007922;00000143;01900;02;FA;A;00000196;264.0;0.0;0.0;2026-02-11
00003;00100978;00000005;00003;02;FA;A;00001146;571608.7;0.0;383.63;2026-01-12
00003;00100979;00000018;00003;02;FA;A;00001133;364795.6;0.0;249.86;2025-12-11
01900;00001094;00000066;01900;02;FA;B;19211813;278.0;0.0;0.0;2026-01-12
00003;00101032;00000004;00003;02;FA;A;00001145;6075668.7;0.0;4077.63;2026-01-12
01900;00001095;00000136;01900;02;FA;A;00000183;2543.27;0.0;0.0;2026-01-12
00003;00100981;00000175;00003;02;FA;A;00001151;97803.6;0.0;65.64;2026-01-12
00003;00100982;00000027;00003;02;FA;A;00001165;433809.8;0.0;297.13;2026-01-26
00003;00100982;00000027;00003;02;FA;A;00001166;764217.54;0.0;521.65;2026-01-27
00003;00100983;00000242;00003;02;FA;A;00001077;400000.0;0.0;274.91;2025-10-07
00003;00100984;00000067;00003;02;FA;A;00001168;1183501.61;0.0;0.0;2026-01-30
00003;00100984;00000067;00003;02;FA;A;00001169;960165.37;0.0;0.0;2026-01-30
01900;00001096;00000205;01900;02;FA;A;00000178;10236.8;0.0;0.0;2025-12-15
01900;00001097;00000172;01900;02;FA;A;00000188;160.75;0.0;0.0;2026-02-03
00003;00100985;00000013;00003;02;FA;A;00001155;641087.4;0.0;430.26;2026-01-12
01900;00001098;00000299;01900;02;FA;B;19211844;148.0;0.0;0.0;2026-02-09
01900;00001099;00000214;01900;02;FA;B;19211859;162.61;0.0;0.0;2026-02-13
01900;00001100;00000296;01900;02;FA;B;19211862;276.0;0.0;0.0;2026-02-18
00003;00100986;00000207;00003;02;FA;A;00001102;640000.0;0.0;449.12;2025-11-12
01900;00001102;00000050;01900;02;FA;B;19211856;1089.41;0.0;0.0;2026-02-11
01900;00001103;00000045;01900;02;FA;B;19211850;914.15;0.0;0.0;2026-02-11
01900;00001104;00000006;01900;02;FA;A;00000171;500.0;0.0;0.0;2025-11-13
01900;00001105;00000255;01900;05;RC;;00007671;-22.12;0.0;0.0;2025-07-22
01900;00001105;00000255;01900;02;FA;B;19211636;77.97;0.0;0.0;2025-08-19
01900;00001105;00000255;01900;02;FA;B;19211786;60.28;0.0;0.0;2025-12-15
00003;00100988;00000275;00003;02;FA;A;00001187;303052.85;0.0;213.42;2026-02-18
01900;00001106;00000136;01900;02;FA;A;00000192;622.7;0.0;0.0;2026-02-11
01900;00001106;00000136;01900;02;FA;A;00000198;1186.69;0.0;0.0;2026-02-18
00003;00100989;00000285;00003;02;FA;A;00001185;147055.2;0.0;103.56;2026-02-18
01900;00007925;00000096;01900;02;FA;B;19211847;2864.43;0.0;0.0;2026-02-11
00003;00007856;00000007;00003;64;AC;;00000000;80077.59;0.0;0.0;2026-02-20
00003;00007856;00000007;00003;02;FA;A;00001173;962771.0;0.0;646.16;2026-02-06
00003;00007856;00000007;00003;02;FA;A;00001156;157151.41;0.0;105.47;2026-01-13
00003;00100990;00000014;00003;02;FA;A;00001176;198360.25;0.0;142.19;2026-02-10
01900;00001107;00000066;01900;02;FA;B;19211813;355.87;0.0;0.0;2026-01-12
01900;00001108;00000293;01900;02;FA;B;19211827;385.0;0.0;0.0;2026-01-19
01900;00001108;00000293;01900;02;FA;B;19211840;100.0;0.0;0.0;2026-01-22
01900;00001109;00000024;01900;02;FA;B;19211812;416.59;0.0;0.0;2026-01-12
01900;00001109;00000024;01900;02;FA;B;19211854;880.27;0.0;0.0;2026-02-11
00003;00007857;00000139;00003;02;FA;A;00001139;8557938.87;0.0;5841.6;2025-12-15
01900;00001110;00000200;01900;02;FA;B;19211867;3292.27;0.0;0.0;2026-02-24
00003;00100991;00000207;00003;02;FA;A;00001102;600000.0;0.0;421.05;2025-11-12
01900;00001113;00000221;01900;02;FA;B;19211578;41.63;0.0;0.0;2025-07-14
01900;00001113;00000221;01900;02;FA;B;19211624;958.37;0.0;0.0;2025-08-08
01900;00007860;00000063;01900;02;FA;B;19211852;4619.37;0.0;0.0;2026-02-11
01900;00007859;00000046;01900;05;RC;;00007776;-22.13;0.0;0.0;2025-11-25
01900;00007859;00000046;01900;02;FA;A;00000194;1086.32;0.0;0.0;2026-02-11
01900;00007858;00000043;01900;02;FA;B;19211740;208.61;0.0;0.0;2025-11-13
01900;00007858;00000043;01900;02;FA;B;19211789;144.75;0.0;0.0;2025-12-12
01900;00001141;00000056;01900;02;FA;B;19211738;2837.42;0.0;0.0;2025-11-13
01900;00001141;00000056;01900;02;FA;B;19211769;1848.56;0.0;0.0;2025-12-12
01900;00001141;00000056;01900;02;FA;B;19211815;349.02;0.0;0.0;2026-01-12
01900;00001114;00000224;01900;02;FA;B;19211865;349.38;0.0;0.0;2026-02-18
01900;00001115;00000154;01900;02;FA;B;19211864;288.38;0.0;0.0;2026-02-19
01900;00001116;00000304;01900;02;FA;A;00000202;3521.12;0.0;0.0;2026-02-18
01900;00001117;00000304;01900;02;FA;A;00000202;3556.0;0.0;0.0;2026-02-18
01900;00001118;00000304;01900;02;FA;A;00000202;915.49;0.0;0.0;2026-02-18
01900;00001119;00000056;01900;02;FA;B;19211815;2230.3;0.0;0.0;2026-01-12
01900;00001119;00000056;01900;02;FA;B;19211853;1849.7;0.0;0.0;2026-02-11
01900;00007861;00000252;01900;02;FA;B;19211790;27.84;0.0;0.0;2025-12-22
01900;00007861;00000252;01900;02;FA;B;19211809;303.96;0.0;0.0;2026-01-12
01900;00007861;00000252;01900;02;FA;B;19211826;422.77;0.0;0.0;2026-01-20
01900;00007861;00000252;01900;02;FA;B;19211841;945.43;0.0;0.0;2026-02-05
01900;00001121;00000172;01900;02;FA;A;00000200;134.06;0.0;0.0;2026-02-26
01900;00001122;00000301;01900;02;FA;B;19211871;186.0;0.0;0.0;2026-02-23
00003;00100992;00000303;00003;02;FA;A;00001184;90560.0;0.0;64.0;2026-02-12
01900;00001126;00000306;01900;02;FA;B;19211878;2109.0;0.0;0.0;2026-03-02
01900;00001144;00000181;01900;02;FA;B;19211900;611.62;0.0;0.0;2026-02-02
01900;00001340;00000312;01900;02;FA;B;19212121;443.28;0.0;0.0;2026-07-23
01900;00001120;00000034;01900;64;AC;;00000000;148.0;0.0;0.0;2026-03-03
00003;00100993;00000207;00003;02;FA;A;00001102;426000.0;0.0;298.95;2025-11-12
01900;00001123;00000058;01900;02;FA;B;19211546;493.51;0.0;0.0;2025-06-12
01900;00001123;00000058;01900;02;FA;B;19211613;215.84;0.0;0.0;2025-08-07
01900;00001124;00000288;01900;02;FA;B;19211887;184.53;0.0;0.0;2026-03-06
01900;00001125;00000249;01900;02;FA;B;19211818;149.48;0.0;0.0;2026-01-08
01900;00001125;00000249;01900;02;FA;B;19211825;295.41;0.0;0.0;2026-01-15
01900;00001125;00000249;01900;02;FA;B;19211838;188.98;0.0;0.0;2026-01-15
01900;00001125;00000249;01900;02;FA;B;19211837;158.57;0.0;0.0;2026-02-02
01900;00007862;00000136;01900;02;FA;A;00000203;223.1;0.0;0.0;2026-03-03
00003;00100994;00000268;00003;02;FA;A;00001186;255600.0;0.0;180.0;2026-02-18
01900;00001127;00000216;01900;02;FA;A;00000199;4073.0;0.0;0.0;2026-02-26
01900;00001128;00000143;01900;02;FA;A;00000204;197.0;0.0;0.0;2026-03-03
00003;00007863;00000017;00003;02;FA;B;00000207;976059.93;0.0;677.82;2026-03-02
01900;00001129;00000037;01900;02;FA;B;19211846;609.09;0.0;0.0;2026-02-11
01900;00001130;00000045;01900;02;FA;B;19211883;1321.33;0.0;0.0;2026-03-09
00003;00100995;00000233;00003;02;FA;A;00001175;76237.5;0.0;53.13;2026-02-10
00003;00100995;00000233;00003;02;FA;A;00001182;75828.0;0.0;52.84;2026-02-11
00003;00100995;00000233;00003;02;FA;A;00001191;61634.5;0.0;42.95;2026-03-02
00003;00100996;00000213;00003;02;FA;A;00001178;395373.8;0.0;277.46;2026-02-10
01900;00001131;00000250;01900;02;FA;B;19211888;47.96;0.0;0.0;2026-03-06
01900;00001132;00000272;01900;02;FA;A;00000187;47.74;0.0;0.0;2026-01-09
01900;00001132;00000272;01900;02;FA;A;00000189;65.0;0.0;0.0;2026-01-22
01900;00001132;00000272;01900;02;FA;A;00000197;70.0;0.0;0.0;2026-02-11
01900;00001133;00000296;01900;02;FA;B;19211869;138.0;0.0;0.0;2026-02-23
01900;00001134;00000305;01900;02;FA;B;19211879;125.83;0.0;0.0;2026-02-26
01900;00001135;00000305;01900;02;FA;B;19211893;145.92;0.0;0.0;2026-03-05
01900;00007951;00000202;01900;02;FA;B;19211858;2522.63;0.0;0.0;2026-02-11
01900;00007951;00000202;01900;02;FA;B;19211866;3767.4;0.0;0.0;2026-02-24
01900;00001136;00000132;01900;02;FA;B;19211805;418.63;0.0;0.0;2026-01-12
01900;00001136;00000132;01900;02;FA;B;19211845;901.77;0.0;0.0;2026-02-11
00003;00100997;00000207;00003;02;FA;A;00001102;90131.25;0.0;63.25;2025-11-12
00003;00100998;00000281;00003;02;FA;A;00001192;91975.0;0.0;65.0;2026-03-02
00003;00100998;00000281;00003;02;FA;A;00001193;99050.0;0.0;70.0;2026-03-02
01900;00001137;00000045;01900;02;FA;B;19211674;168.14;0.0;0.0;2025-09-16
01900;00001138;00000111;01900;02;FA;B;19211843;92.52;0.0;0.0;2026-02-09
00003;00100999;00000209;00003;02;FA;A;00001172;13073095.89;0.0;0.0;2026-01-30
00003;00101000;00000210;00003;02;FA;A;00001170;7287237.38;0.0;0.0;2026-01-30
00003;00101001;00000205;00003;02;FA;A;00001171;9752242.77;0.0;0.0;2026-01-30
01900;00007864;00000235;01900;02;FA;B;19211877;650.0;0.0;0.0;2026-03-03
01900;00007952;00000006;01900;02;FA;A;00000171;401.1;0.0;0.0;2025-11-13
01900;00007952;00000006;01900;02;FA;A;00000174;21.9;0.0;0.0;2025-12-12
01900;00001140;00000034;01900;02;FA;B;19211855;658.07;0.0;0.0;2026-02-11
01900;00001140;00000034;01900;02;FA;B;19211868;2090.9;0.0;0.0;2026-02-25
01900;00001142;00000034;01900;02;FA;B;19211803;275.67;0.0;0.0;2026-01-12
01900;00001143;00000042;01900;02;FA;B;19211416;82.21;0.0;0.0;2025-02-18
01900;00001143;00000042;01900;02;FA;B;19211453;205.52;0.0;0.0;2025-03-12
01900;00001143;00000042;01900;02;FA;B;19211485;296.87;0.0;0.0;2025-04-21
01900;00001143;00000042;01900;02;FA;B;19211508;272.68;0.0;0.0;2025-05-13
01900;00001143;00000042;01900;02;FA;B;19211545;127.06;0.0;0.0;2025-06-12
01900;00001143;00000042;01900;02;FA;B;19211580;147.03;0.0;0.0;2025-07-14
01900;00001143;00000042;01900;02;FA;B;19211620;383.14;0.0;0.0;2025-08-07
01900;00001143;00000042;01900;02;FA;B;19211658;232.19;0.0;0.0;2025-09-15
01900;00001143;00000042;01900;02;FA;B;19211701;65.68;0.0;0.0;2025-10-14
01900;00001143;00000042;01900;02;FA;B;19211739;162.76;0.0;0.0;2025-11-13
00003;00101002;00000138;00003;02;FA;A;00001196;459800.0;0.0;0.0;2026-03-06
00003;00101003;00000004;00003;02;FA;A;00001183;2821863.75;0.0;1994.25;2026-02-12
00003;00101004;00000308;00003;02;FA;A;00001201;605181.35;0.0;427.69;2026-03-11
00003;00101005;00000310;00003;02;FA;A;00001203;424500.0;0.0;300.0;2026-03-13
01900;00001145;00000181;01900;02;FA;B;19211901;611.62;0.0;0.0;2026-02-20
01900;00001146;00000056;01900;02;FA;B;19211853;3400.0;0.0;0.0;2026-02-11
00003;00101006;00000207;00003;02;FA;A;00001204;131481.8;0.0;92.92;2026-03-16
01900;00007865;00000310;01900;02;FA;A;00000210;1780.0;0.0;0.0;2026-03-13
01900;00007866;00000068;01900;02;FA;B;19211890;567.31;0.0;0.0;2026-03-09
01900;00007866;00000068;01900;64;AC;;00000000;139.4;0.0;0.0;2026-03-17
01900;00001147;00000136;01900;02;FA;A;00000205;951.0;0.0;0.0;2026-03-09
01900;00001147;00000136;01900;02;FA;A;00000208;1395.74;0.0;0.0;2026-03-09
01900;00001147;00000136;01900;02;FA;A;00000209;402.99;0.0;0.0;2026-03-16
00003;00007955;00000007;00003;02;FA;A;00001197;600000.0;0.0;416.67;2026-03-09
01900;00007867;00000063;01900;02;FA;B;19211960;2991.18;0.0;0.0;2026-03-09
00003;00101007;00000013;00003;02;FA;A;00001211;2230606.0;0.0;1576.4;2026-03-18
00003;00101007;00000013;00003;02;FA;A;00001212;655583.65;0.0;463.31;2026-03-18
00003;00101008;00000275;00003;02;FA;A;00001205;1130484.96;0.0;798.93;2026-03-16
00003;00101009;00000005;00003;02;FA;A;00001181;546806.5;0.0;385.08;2026-02-11
00003;00101010;00000067;00003;02;FA;A;00001194;1252506.08;0.0;0.0;2026-03-02
00003;00101010;00000067;00003;02;FA;A;00001195;2166589.96;0.0;0.0;2026-03-02
00003;00101011;00000032;00003;02;FA;A;00001120;1890919.03;0.0;1281.98;2025-11-28
00003;00007869;00000017;00003;02;FA;B;00000208;347042.9;0.0;245.26;2026-03-16
01900;00007930;00000032;01900;02;FA;A;00000211;3700.0;0.0;0.0;2026-03-27
01900;00001148;00000144;01900;02;FA;B;19211919;150.68;0.0;0.0;2026-03-30
01900;00001149;00000312;01900;02;FA;B;19211918;53.0;0.0;0.0;2026-03-11
01900;00001150;00000111;01900;02;FA;B;19211909;296.95;0.0;0.0;2026-03-12
01900;00001151;00000214;01900;02;FA;B;19211908;151.57;0.0;0.0;2026-03-19
01900;00001152;00000050;01900;02;FA;B;19211856;80.0;0.0;0.0;2026-02-11
01900;00001152;00000050;01900;02;FA;B;19211880;1280.45;0.0;0.0;2026-03-04
01900;00001153;00000314;01900;02;FA;B;19211914;95.0;0.0;0.0;2026-03-20
01900;00001154;00000165;01900;02;FA;A;00000216;200.12;0.0;0.0;2026-03-19
01900;00001155;00000119;01900;02;FA;B;19211897;1240.77;0.0;0.0;2026-03-11
01900;00001156;00000224;01900;02;FA;B;19211921;361.04;0.0;0.0;2026-03-30
01900;00001157;00000317;01900;02;FA;B;19211915;832.0;0.0;0.0;2026-03-26
00003;00101012;00000242;00003;02;FA;A;00001077;500000.0;0.0;343.64;2025-10-07
00003;00101014;00000207;00003;02;FA;A;00001215;1053840.34;0.0;750.06;2026-03-27
00003;00101015;00000207;00003;02;FA;A;00001102;171460.15;0.0;122.04;2025-11-12
00003;00101015;00000207;00003;02;FA;A;00001126;174699.51;0.0;124.34;2025-12-11
01900;00001158;00000112;01900;02;FA;B;19211904;5752.26;0.0;0.0;2026-03-16
01900;00001159;00000316;01900;02;FA;B;19211911;52.0;0.0;0.0;2026-03-20
01900;00001160;00000316;01900;02;FA;B;19211912;52.0;0.0;0.0;2026-03-06
01900;00001161;00000181;01900;02;FA;B;19211902;560.0;0.0;0.0;2026-02-23
01900;00001162;00000291;01900;02;FA;B;19211764;324.53;0.0;0.0;2025-11-28
01900;00001163;00000299;01900;02;FA;B;19211905;158.0;0.0;0.0;2026-03-11
01900;00001164;00000318;01900;02;FA;B;19211917;48.0;0.0;0.0;2026-03-09
01900;00007931;00000319;01900;02;FA;B;19211937;260.0;0.0;0.0;2026-03-20
01900;00007868;00000320;01900;02;FA;B;19211938;235.0;0.0;0.0;2026-03-30
01900;00001165;00000111;01900;02;FA;B;19211939;251.57;0.0;0.0;2026-01-31
01900;00001166;00000254;01900;02;FA;B;19211925;649.75;0.0;0.0;2026-04-01
01900;00001167;00000056;01900;02;FA;B;19211853;652.31;0.0;0.0;2026-02-11
01900;00001167;00000056;01900;02;FA;B;19211882;4052.69;0.0;0.0;2026-03-09
01900;00001170;00000317;01900;02;FA;B;19211931;236.0;0.0;0.0;2026-03-31
01900;00001173;00000321;01900;02;FA;B;19211954;64.0;0.0;0.0;2026-03-31
01900;00001271;00000316;01900;02;FA;B;19211986;104.0;0.0;0.0;2026-03-23
01900;00001189;00000315;01900;02;FA;B;19211916;72.0;0.0;0.0;2026-03-20
00003;00101021;00000311;00003;02;FA;A;00001213;459800.0;0.0;0.0;2026-03-25
01900;00001196;00000122;01900;02;FA;B;19211889;163.53;0.0;0.0;2026-03-06
01900;00001206;00000221;01900;02;FA;B;19211624;434.92;0.0;0.0;2025-08-08
01900;00001206;00000221;01900;02;FA;B;19211731;444.23;0.0;0.0;2025-10-16
01900;00001206;00000221;01900;02;FA;B;19211737;120.85;0.0;0.0;2025-11-13
01900;00007957;00000006;01900;02;FA;A;00000174;800.0;0.0;0.0;2025-12-12
01900;00007871;00000043;01900;02;FA;B;19211789;714.28;0.0;0.0;2025-12-12
01900;00007870;00000305;01900;02;FA;B;19211936;158.56;0.0;0.0;2026-03-10
01900;00007956;00000143;01900;02;FA;A;00000220;227.0;0.0;0.0;2026-04-01
00003;00101016;00000308;00003;02;FA;A;00001223;664521.72;0.0;471.29;2026-04-08
01900;00001168;00000056;01900;02;FA;B;19211882;1250.0;0.0;0.0;2026-03-09
01900;00001169;00000111;01900;02;FA;B;19211940;206.0;0.0;0.0;2026-04-08
01900;00001171;00000299;01900;02;FA;B;19211933;160.0;0.0;0.0;2026-04-06
00003;00007872;00000139;00003;02;FA;A;00001157;10696010.45;0.0;7178.53;2026-01-13
01900;00001172;00000305;01900;02;FA;B;19211952;169.49;0.0;0.0;2026-04-09
01900;00001174;00000056;01900;02;FA;B;19211882;3031.45;0.0;0.0;2026-03-09
01900;00001174;00000056;01900;02;FA;B;19211906;1468.55;0.0;0.0;2026-03-19
01900;00001175;00000056;01900;02;FA;B;19211906;1013.91;0.0;0.0;2026-03-19
01900;00001175;00000056;01900;02;FA;B;19211943;401.09;0.0;0.0;2026-04-13
01900;00001176;00000056;01900;02;FA;B;19211943;1108.0;0.0;0.0;2026-04-13
01900;00001236;00000056;01900;02;FA;B;19211967;300.0;0.0;0.0;2026-04-24
01900;00001236;00000056;01900;02;FA;B;19211943;2821.79;0.0;0.0;2026-04-13
00003;00101017;00000026;00003;02;FA;A;00001198;1485770.4;0.0;1031.79;2026-03-09
00003;00101018;00000004;00003;02;FA;A;00001202;4130512.35;0.0;2919.09;2026-03-12
00003;00101019;00000025;00003;02;FA;A;00001199;1039003.2;0.0;721.53;2026-03-09
01900;00007874;00000016;01900;02;FA;A;00000215;365.65;0.0;0.0;2026-03-25
01900;00007875;00000016;01900;02;FA;A;00000222;591.5;0.0;0.0;2026-04-13
01900;00007876;00000068;01900;02;FA;B;19211935;956.52;0.0;0.0;2026-04-01
01900;00007933;00000235;01900;02;FA;B;19211924;1295.62;0.0;0.0;2026-04-01
01900;00001179;00000252;01900;02;FA;B;19211841;400.0;0.0;0.0;2026-02-05
01900;00001180;00000045;01900;02;FA;B;19211944;1871.73;0.0;0.0;2026-04-13
01900;00001181;00000112;01900;02;FA;B;19211955;5892.0;0.0;0.0;2026-04-16
01900;00001182;00000136;01900;02;FA;A;00000213;1311.02;0.0;0.0;2026-03-25
01900;00001182;00000136;01900;02;FA;A;00000214;349.69;0.0;0.0;2026-03-30
01900;00001182;00000136;01900;02;FA;A;00000217;429.18;0.0;0.0;2026-04-01
01900;00001182;00000136;01900;02;FA;A;00000221;240.5;0.0;0.0;2026-04-13
01900;00001182;00000136;01900;02;FA;A;00000223;1354.2;0.0;0.0;2026-04-13
01900;00001183;00000301;01900;02;FA;B;19211958;309.0;0.0;0.0;2026-04-17
01900;00001184;00000296;01900;02;FA;B;19211899;138.0;0.0;0.0;2026-03-09
01900;00001184;00000296;01900;02;FA;B;19211932;186.0;0.0;0.0;2026-04-08
01900;00001185;00000323;01900;02;FA;B;19211959;73.0;0.0;0.0;2026-04-13
01900;00007729;00000191;01900;02;FA;B;19211618;357.14;0.0;0.0;2025-08-07
01900;00001205;00000122;01900;02;FA;B;19211978;629.01;0.0;0.0;2026-04-21
00003;00101033;00000004;00003;02;FA;A;00001224;5084913.4;0.0;3632.08;2026-04-10
01900;00001190;00000252;01900;02;FA;B;19211841;500.0;0.0;0.0;2026-02-05
01900;00007877;00000063;01900;02;FA;B;19211946;5690.07;0.0;0.0;2026-04-13
01900;00007958;00000143;01900;02;FA;A;00000225;157.7;0.0;0.0;2026-04-13
00003;00101020;00000322;00003;02;FA;B;00000209;129735.0;0.0;93.0;2026-04-13
01900;00001191;00000313;01900;02;FA;B;19211913;138.0;0.0;0.0;2026-03-19
01900;00001192;00000293;01900;02;FA;B;19211934;184.95;0.0;0.0;2026-03-20
00003;00101022;00000268;00003;02;FA;A;00001222;206590.0;0.0;146.0;2026-04-07
01900;00001193;00000297;01900;02;FA;B;19211964;586.0;0.0;0.0;2026-04-17
01900;00007878;00000324;01900;02;FA;B;19211965;776.61;0.0;0.0;2026-04-20
01900;00001194;00000166;01900;02;FA;B;19211962;379.37;0.0;0.0;2026-04-20
01900;00001195;00000024;01900;02;FA;B;19211922;1192.25;0.0;0.0;2026-03-25
01900;00001195;00000024;01900;02;FA;B;19211927;267.52;0.0;0.0;2026-04-06
01900;00001197;00000214;01900;02;FA;B;19211928;346.59;0.0;0.0;2026-04-06
01900;00001198;00000172;01900;02;FA;A;00000224;142.71;0.0;0.0;2026-04-14
01900;00001199;00000061;01900;02;FA;B;19211849;2524.28;0.0;0.0;2026-02-11
01900;00001199;00000061;01900;02;FA;B;19211884;2063.71;0.0;0.0;2026-03-09
01900;00001199;00000061;01900;02;FA;B;19211945;4487.18;0.0;0.0;2026-04-13
00003;00101023;00000067;00003;02;FA;A;00001218;1780018.51;0.0;0.0;2026-04-06
00003;00101023;00000067;00003;02;FA;A;00001219;1156652.3;0.0;0.0;2026-04-06
01900;00007730;00000066;01900;02;FA;B;19211813;45.38;0.0;0.0;2026-01-12
01900;00007730;00000066;01900;02;FA;B;19211848;124.79;0.0;0.0;2026-02-11
01900;00007730;00000066;01900;02;FA;B;19211874;258.4;0.0;0.0;2026-03-03
00003;00101024;00000308;00003;02;FA;A;00001242;485284.8;0.0;339.36;2026-04-27
00003;00101025;00000025;00003;02;FA;A;00001230;677049.3;0.0;485.34;2026-04-13
01900;00001200;00000254;01900;02;FA;B;19211969;145.81;0.0;0.0;2026-04-27
00003;00101026;00000005;00003;02;FA;A;00001206;412012.63;0.0;291.18;2026-03-16
00003;00101027;00000005;00003;02;FA;A;00001220;526479.05;0.0;372.07;2026-04-06
00003;00101027;00000005;00003;02;FA;A;00001234;400713.75;0.0;287.25;2026-04-20
01900;00001201;00000050;01900;02;FA;B;19211948;591.62;0.0;0.0;2026-04-13
01900;00001201;00000050;01900;02;FA;B;19211972;634.01;0.0;0.0;2026-04-27
01900;00001202;00000250;01900;02;FA;B;19211963;69.81;0.0;0.0;2026-04-20
00003;00101028;00000028;00003;02;FA;A;00001216;303395.7;0.0;215.94;2026-03-27
00003;00101029;00000014;00003;02;FA;A;00001232;239499.0;0.0;173.55;2026-04-17
01900;00001203;00000252;01900;02;FA;B;19211892;168.79;0.0;0.0;2026-03-09
01900;00001203;00000252;01900;02;FA;B;19211860;347.13;0.0;0.0;2026-02-12
01900;00001203;00000252;01900;02;FA;B;19211841;84.08;0.0;0.0;2026-02-05
00003;00101030;00000020;00003;02;FA;A;00001217;614209.8;0.0;437.16;2026-03-27
01900;00001204;00000249;01900;02;FA;B;19211920;216.8;0.0;0.0;2026-03-27
01900;00001204;00000249;01900;02;FA;B;19211903;436.37;0.0;0.0;2026-03-13
01900;00007879;00000255;01900;02;FA;B;19211907;116.78;0.0;0.0;2026-03-20
01900;00007879;00000255;01900;02;FA;B;19211953;183.22;0.0;0.0;2026-04-13
01900;00001207;00000221;01900;02;FA;B;19211737;476.64;0.0;0.0;2025-11-13
01900;00001207;00000221;01900;02;FA;B;19211768;523.36;0.0;0.0;2025-12-12
01900;00001208;00000143;01900;02;FA;A;00000225;52.3;0.0;0.0;2026-04-13
01900;00007961;00000132;01900;02;FA;B;19211881;1042.89;0.0;0.0;2026-03-09
01900;00007961;00000132;01900;02;FA;B;19211941;866.55;0.0;0.0;2026-04-13
01900;00001209;00000202;01900;02;FA;B;19211923;2725.74;0.0;0.0;2026-04-01
01900;00001209;00000202;01900;02;FA;B;19211970;1866.06;0.0;0.0;2026-04-27
00003;00007960;00000028;00003;02;FA;A;00001148;302394.1;0.0;202.95;2026-01-12
00003;00007960;00000028;00003;02;FA;A;00001209;470558.25;0.0;332.55;2026-03-16
00003;00007960;00000028;00003;02;FA;A;00001227;89950.0;0.0;64.25;2026-04-10
00003;00007960;00000028;00003;02;FA;A;00001233;239051.25;0.0;168.38;2026-04-20
00003;00007880;00000207;00003;02;FA;A;00001126;1000000.0;0.0;704.23;2025-12-11
00003;00101034;00000026;00003;02;FA;A;00001226;2125627.0;0.0;1486.45;2026-04-10
00003;00101036;00000308;00003;02;FA;A;00001244;635585.95;0.0;444.47;2026-04-29
01900;00001216;00000327;01900;02;FA;B;19211990;352.0;0.0;0.0;2026-03-23
01900;00001217;00000181;01900;02;FA;B;19211995;611.62;0.0;0.0;2026-03-27
01900;00001217;00000181;01900;02;FA;B;19211994;611.62;0.0;0.0;2026-03-26
00003;00101040;00000031;00003;02;FA;A;00001235;202288.95;0.0;142.55;2026-04-23
01900;00001226;00000224;01900;02;FA;B;19211988;253.54;0.0;0.0;2026-04-28
01900;00001227;00000044;01900;02;FA;B;19211989;410.87;0.0;0.0;2026-04-27
01900;00001237;00000058;01900;02;FA;B;19211613;252.57;0.0;0.0;2025-08-07
01900;00001237;00000058;01900;02;FA;B;19211700;211.43;0.0;0.0;2025-10-14
01900;00001272;00000296;01900;02;FA;B;19211984;225.0;0.0;0.0;2026-04-30
01900;00001275;00000299;01900;02;FA;B;19211985;196.0;0.0;0.0;2026-04-23
01900;00007884;00000043;01900;02;FA;B;19211789;220.54;0.0;0.0;2025-12-12
01900;00007884;00000043;01900;02;FA;B;19211876;483.32;0.0;0.0;2026-03-03
00003;00007882;00000007;00003;02;FA;A;00001197;92942.4;0.0;64.54;2026-03-09
00003;00007882;00000007;00003;02;FA;A;00001225;1322057.6;0.0;944.33;2026-04-10
01900;00001210;00000221;01900;02;FA;B;19211768;1000.0;0.0;0.0;2025-12-12
00003;00101035;00000139;00003;02;FA;A;00001180;1730192.25;0.0;1214.17;2026-02-10
00003;00101035;00000139;00003;02;FA;A;00001200;3757036.0;0.0;2645.8;2026-03-10
01900;00001211;00000328;01900;02;FA;B;19211991;1522.0;0.0;0.0;2026-05-06
01900;00001212;00000136;01900;02;FA;A;00000226;356.77;0.0;0.0;2026-04-20
01900;00001212;00000136;01900;02;FA;A;00000227;1551.85;0.0;0.0;2026-04-27
01900;00001213;00000048;01900;02;FA;B;19211976;68.91;0.0;0.0;2026-04-27
01900;00007887;00000040;01900;02;FA;B;19211975;468.21;0.0;0.0;2026-04-27
00003;00007886;00000207;00003;02;FA;A;00001126;500000.0;0.0;342.47;2025-12-11
01900;00001214;00000045;01900;02;FA;B;19211944;1871.94;0.0;0.0;2026-04-13
01900;00001215;00000214;01900;02;FA;B;19211993;192.59;0.0;0.0;2026-05-07
01900;00007962;00000329;01900;02;FA;B;19211997;2787.9;0.0;0.0;2026-05-08
01900;00007731;00000006;01900;02;FA;A;00000174;82.52;0.0;0.0;2025-12-12
01900;00007731;00000006;01900;02;FA;A;00000184;474.85;0.0;0.0;2026-01-12
01900;00007889;00000064;01900;02;FA;B;19211971;227.15;0.0;0.0;2026-04-27
01900;00007888;00000068;01900;02;FA;B;19211935;294.77;0.0;0.0;2026-04-01
01900;00007890;00000325;01900;02;FA;B;19211974;400.0;0.0;0.0;2026-04-27
01900;00001218;00000252;01900;02;FA;B;19211892;405.33;0.0;0.0;2026-03-09
01900;00001218;00000252;01900;02;FA;B;19211957;94.67;0.0;0.0;2026-04-16
01900;00001219;00000204;01900;02;FA;B;19212008;64.75;0.0;0.0;2026-05-11
00003;00101037;00000275;00003;02;FA;A;00001260;97767.0;0.0;68.85;2026-05-14
00003;00101038;00000308;00003;02;FA;A;00001255;388417.5;0.0;274.5;2026-05-11
00003;00101039;00000172;00003;02;FA;A;00001256;1184999.25;0.0;840.43;2026-05-13
00003;00101041;00000233;00003;02;FA;A;00001191;15143.4;0.0;10.7;2026-03-02
00003;00101041;00000233;00003;02;FA;A;00001208;75561.0;0.0;53.4;2026-03-16
00003;00101041;00000233;00003;02;FA;A;00001241;48162.4;0.0;33.68;2026-04-27
00003;00101041;00000233;00003;02;FA;A;00001248;47825.6;0.0;33.68;2026-04-30
01900;00001220;00000181;01900;02;FA;B;19211996;611.62;0.0;0.0;2026-04-21
01900;00001220;00000181;01900;02;FA;B;19212010;611.62;0.0;0.0;2026-04-30
01900;00007732;00000331;01900;02;FA;B;19212018;8484.73;0.0;0.0;2026-05-20
01900;00001221;00000024;01900;02;FA;B;19211950;400.06;0.0;0.0;2026-04-10
01900;00001222;00000144;01900;02;FA;B;19212005;196.12;0.0;0.0;2026-05-08
01900;00001223;00000050;01900;02;FA;B;19212007;111.14;0.0;0.0;2026-05-18
00003;00101042;00000285;00003;02;FA;A;00001272;693244.0;0.0;488.2;2026-05-19
01900;00001224;00000332;01900;02;FA;B;19212019;125.85;0.0;0.0;2026-05-13
01900;00001225;00000112;01900;02;FA;B;19212014;2836.16;0.0;0.0;2026-05-18
00003;00101043;00000005;00003;02;FA;A;00001237;297546.8;0.0;209.54;2026-04-24
00003;00101043;00000005;00003;02;FA;A;00001246;1164564.58;0.0;820.12;2026-04-30
00003;00101044;00000172;00003;02;FA;A;00001266;1489239.34;0.0;1048.76;2026-05-18
01900;00001228;00000221;01900;02;FA;B;19211768;529.27;0.0;0.0;2025-12-12
01900;00001228;00000221;01900;02;FA;B;19211816;40.6;0.0;0.0;2026-01-12
01900;00001228;00000221;01900;02;FA;B;19211842;430.13;0.0;0.0;2026-02-05
01900;00001229;00000066;01900;02;FA;B;19211874;352.11;0.0;0.0;2026-03-03
00003;00101045;00000067;00003;02;FA;A;00001253;1205683.7;0.0;0.0;2026-05-05
00003;00101045;00000067;00003;02;FA;A;00001254;2929078.91;0.0;0.0;2026-05-05
00003;00101046;00000028;00003;02;FA;A;00001233;282943.8;0.0;199.26;2026-04-20
00003;00101046;00000028;00003;02;FA;A;00001245;802584.0;0.0;565.2;2026-04-30
00003;00101047;00000298;00003;02;FA;A;00001273;459987.7;0.0;323.94;2026-05-21
00003;00007891;00000207;00003;02;FA;A;00001126;800000.0;0.0;563.38;2025-12-11
01900;00001230;00000177;01900;02;FA;B;19211898;128.1;0.0;0.0;2026-03-12
01900;00007892;00000255;01900;02;FA;B;19211953;200.0;0.0;0.0;2026-04-13
01900;00001231;00000122;01900;02;FA;B;19212025;424.09;0.0;0.0;2026-05-26
01900;00001232;00000034;01900;05;RC;;00001120;-148.0;0.0;0.0;2026-03-03
01900;00001232;00000034;01900;02;FA;B;19211885;705.06;0.0;0.0;2026-03-09
01900;00001232;00000034;01900;02;FA;B;19211947;202.99;0.0;0.0;2026-04-13
01900;00001232;00000034;01900;02;FA;B;19212004;241.6;0.0;0.0;2026-05-18
01900;00001232;00000034;01900;64;AC;;00000000;298.35;0.0;0.0;2026-05-26
01900;00001233;00000252;01900;02;FA;B;19211957;262.38;0.0;0.0;2026-04-16
01900;00001233;00000252;01900;02;FA;B;19211981;335.48;0.0;0.0;2026-04-28
01900;00001233;00000252;01900;64;AC;;00000000;402.14;0.0;0.0;2026-05-25
01900;00001234;00000293;01900;02;FA;B;19211934;216.05;0.0;0.0;2026-03-20
01900;00001234;00000293;01900;02;FA;B;19211929;57.59;0.0;0.0;2026-04-01
01900;00001235;00000293;01900;02;FA;B;19211929;335.41;0.0;0.0;2026-04-01
01900;00001235;00000293;01900;02;FA;B;19211930;65.59;0.0;0.0;2026-04-07
00003;00007894;00000207;00003;02;FA;A;00001126;400000.0;0.0;278.75;2025-12-11
01900;00001238;00000058;01900;02;FA;B;19211700;221.7;0.0;0.0;2025-10-14
01900;00001238;00000058;01900;02;FA;B;19211851;178.3;0.0;0.0;2026-02-11
00003;00101048;00000308;00003;02;FA;A;00001275;376859.7;0.0;262.62;2026-05-28
00003;00101049;00000233;00003;02;FA;A;00001264;84319.6;0.0;57.75;2026-05-15
00003;00101049;00000233;00003;02;FA;A;00001270;84632.0;0.0;57.97;2026-05-18
01900;00001241;00000264;01900;02;FA;B;19212011;112.62;0.0;0.0;2026-05-19
00003;00101050;00000004;00003;02;FA;A;00001261;5719334.0;0.0;4027.7;2026-05-14
00003;00101051;00000027;00003;02;FA;A;00001236;903986.96;0.0;641.13;2026-04-23
00003;00101052;00000165;00003;02;FA;A;00001243;2082869.79;0.0;1456.55;2026-04-29
01900;00001248;00000273;01900;02;FA;B;19212016;145.27;0.0;0.0;2026-05-15
01900;00001249;00000068;01900;02;FA;B;19211935;239.72;0.0;0.0;2026-04-01
01900;00001249;00000068;01900;02;FA;B;19211942;48.76;0.0;0.0;2026-04-13
01900;00001249;00000068;01900;02;FA;B;19212003;686.52;0.0;0.0;2026-05-18
00003;00101054;00000281;00003;02;FA;A;00001249;134019.6;0.0;91.79;2026-04-30
00003;00101055;00000005;00003;02;FA;A;00001267;244325.2;0.0;172.06;2026-05-18
01900;00001253;00000262;01900;02;FA;B;19211968;533.98;0.0;0.0;2026-04-27
00003;00101056;00000026;00003;02;FA;A;00001263;960248.45;0.0;676.23;2026-05-15
01900;00001239;00000112;01900;02;FA;B;19212033;3759.72;0.0;0.0;2026-06-04
01900;00007963;00000006;01900;02;FA;A;00000184;511.44;0.0;0.0;2026-01-12
01900;00007963;00000006;01900;02;FA;A;00000193;188.56;0.0;0.0;2026-02-11
01900;00007897;00000040;01900;02;FA;B;19212026;349.9;0.0;0.0;2026-05-26
01900;00007965;00000063;01900;02;FA;B;19212001;6032.62;0.0;0.0;2026-05-18
01900;00001240;00000218;01900;02;FA;A;00000233;604.96;0.0;0.0;2026-06-03
01900;00001242;00000045;01900;02;FA;B;19211999;1898.45;0.0;0.0;2026-05-18
01900;00001243;00000142;01900;02;FA;B;19212013;327.61;0.0;0.0;2026-05-20
01900;00001244;00000250;01900;02;FA;B;19212028;65.39;0.0;0.0;2026-05-26
01900;00001245;00000249;01900;02;FA;B;19211982;982.08;0.0;0.0;2026-04-29
01900;00001245;00000249;01900;02;FA;B;19212024;180.45;0.0;0.0;2026-05-26
01900;00001245;00000249;01900;02;FA;B;19212029;258.3;0.0;0.0;2026-06-01
01900;00001246;00000045;01900;02;FA;B;19211999;1898.46;0.0;0.0;2026-05-18
01900;00001247;00000066;01900;02;FA;B;19211874;232.51;0.0;0.0;2026-03-03
01900;00001247;00000066;01900;02;FA;B;19211949;41.68;0.0;0.0;2026-04-06
01900;00001250;00000068;01900;02;FA;B;19212003;975.0;0.0;0.0;2026-05-18
00003;00101053;00000046;00003;02;FA;A;00001247;1374560.0;0.0;968.0;2026-04-30
00003;00007895;00000334;00003;02;FA;A;00001278;154964.4;0.0;0.0;2026-05-30
00003;00007895;00000334;00003;02;FA;A;00001279;260931.2;0.0;0.0;2026-05-30
01900;00001251;00000335;01900;02;FA;B;19212036;128.86;0.0;0.0;2026-06-01
01900;00007898;00000068;01900;02;FA;B;19212003;238.9;0.0;0.0;2026-05-18
01900;00001254;00000072;01900;02;FA;B;19212012;760.6;0.0;0.0;2026-05-20
01900;00007935;00000326;01900;02;FA;B;19211977;306.55;0.0;0.0;2026-04-27
00003;00007936;00000139;00003;02;FA;A;00001231;10783313.73;0.0;7729.97;2026-04-13
01900;00007899;00000212;01900;02;FA;B;19212035;1000.0;0.0;0.0;2026-05-15
01900;00007733;00000212;01900;02;FA;B;19212035;324.26;0.0;0.0;2026-05-15
00003;00101057;00000168;00003;02;FA;A;00001280;11851479.55;0.0;0.0;2026-05-30
01900;00001255;00000037;01900;02;FA;B;19211980;286.99;0.0;0.0;2026-04-28
00003;00101058;00000209;00003;02;FA;A;00001250;16198573.71;0.0;0.0;2026-04-30
00003;00101059;00000275;00003;02;FA;A;00001283;540661.91;0.0;369.05;2026-06-09
00003;00101060;00000005;00003;02;FA;A;00001258;378557.8;0.0;266.59;2026-05-14
00003;00101061;00000012;00003;02;FA;A;00001239;156585.0;0.0;109.5;2026-04-27
00003;00101061;00000012;00003;02;FA;A;00001269;384777.4;0.0;270.97;2026-05-18
01900;00001256;00000016;01900;02;FA;A;00000235;1194.3;0.0;0.0;2026-06-16
00003;00007938;00000207;00003;02;FA;A;00001188;843906.0;0.0;582.0;2026-02-19
00003;00007938;00000207;00003;02;FA;A;00001228;191310.0;0.0;131.95;2026-04-10
00003;00007938;00000207;00003;02;FA;A;00001259;133954.1;0.0;92.38;2026-05-14
00003;00007937;00000207;00003;02;FA;A;00001259;500000.0;0.0;352.11;2026-05-14
01900;00001257;00000305;01900;02;FA;B;19212060;240.0;0.0;0.0;2026-06-09
01900;00001258;00000072;01900;02;FA;B;19212050;168.25;0.0;0.0;2026-06-16
01900;00001258;00000072;01900;02;FA;B;19212057;346.38;0.0;0.0;2026-06-16
01900;00007940;00000246;01900;02;FA;B;19212061;935.68;0.0;0.0;2026-06-22
01900;00007940;00000246;01900;64;AC;;00000000;131.32;0.0;0.0;2026-06-22
01900;00001259;00000113;01900;02;FA;B;19212063;149.78;0.0;0.0;2026-06-19
00003;00101062;00000004;00003;02;FA;A;00001265;647477.4;0.0;455.97;2026-05-15
00003;00101063;00000235;00003;02;FA;A;00001295;534871.0;0.0;366.35;2026-06-18
01900;00001260;00000172;01900;02;FA;A;00000238;191.45;0.0;0.0;2026-06-16
00003;00101064;00000275;00003;02;FA;A;00001296;296498.11;0.0;203.08;2026-06-18
01900;00001261;00000045;01900;02;FA;B;19212042;1200.67;0.0;0.0;2026-06-16
01900;00001262;00000112;01900;02;FA;B;19212064;4600.0;0.0;0.0;2026-06-23
01900;00001263;00000338;01900;02;FA;B;19212065;806.65;0.0;0.0;2026-06-25
01900;00001264;00000214;01900;02;FA;B;19212066;330.44;0.0;0.0;2026-06-24
01900;00001265;00000037;01900;02;FA;B;19212053;1300.42;0.0;0.0;2026-06-09
01900;00001266;00000068;01900;02;FA;B;19212003;124.03;0.0;0.0;2026-05-18
01900;00001266;00000068;01900;02;FA;B;19212006;485.11;0.0;0.0;2026-05-18
01900;00001266;00000068;01900;02;FA;B;19212027;340.86;0.0;0.0;2026-05-26
00003;00101065;00000026;00003;05;RC;;00100967;-50887.88;0.0;0.0;2026-01-14
00003;00101065;00000026;00003;02;FA;A;00001286;1435352.55;0.0;986.5;2026-06-16
01900;00001267;00000136;01900;02;FA;A;00000234;637.87;0.0;0.0;2026-05-04
01900;00001267;00000136;01900;02;FA;A;00000231;794.35;0.0;0.0;2026-05-18
01900;00001267;00000136;01900;02;FA;A;00000232;1126.56;0.0;0.0;2026-06-01
01900;00001267;00000136;01900;02;FA;A;00000237;1222.97;0.0;0.0;2026-06-16
01900;00001267;00000136;01900;02;FA;A;00000239;422.21;0.0;0.0;2026-06-17
01900;00001268;00000221;01900;02;FA;B;19211842;560.66;0.0;0.0;2026-02-05
01900;00001268;00000221;01900;02;FA;B;19211863;313.34;0.0;0.0;2026-02-18
01900;00001268;00000221;01900;02;FA;B;19211872;126.0;0.0;0.0;2026-02-20
01900;00001269;00000291;01900;02;FA;B;19211764;1676.05;0.0;0.0;2025-11-28
00003;00101066;00000067;00003;02;FA;A;00001276;1044356.92;0.0;0.0;2026-05-28
00003;00101066;00000067;00003;02;FA;A;00001277;362784.34;0.0;0.0;2026-05-28
00003;00101067;00000006;00003;02;FA;A;00001302;1000000.0;0.0;0.0;2026-06-26
01900;00007734;00000006;01900;02;FA;A;00000193;635.59;0.0;0.0;2026-02-11
01900;00007734;00000006;01900;02;FA;A;00000206;33.3;0.0;0.0;2026-03-09
00003;00007942;00000007;00003;02;FA;A;00001225;161088.4;0.0;107.75;2026-04-10
00003;00007942;00000007;00003;02;FA;A;00001262;1338911.6;0.0;895.59;2026-05-14
01900;00007941;00000325;01900;02;FA;B;19211974;65.55;0.0;0.0;2026-04-27
01900;00007941;00000325;01900;02;FA;B;19212022;238.65;0.0;0.0;2026-05-26
01900;00007941;00000325;01900;02;FA;B;19212031;95.8;0.0;0.0;2026-06-01
01900;00007966;00000339;01900;02;FA;B;19212068;700.0;0.0;0.0;2026-06-11
00003;00101068;00000308;00003;02;FA;A;00001301;816688.6;0.0;546.28;2026-06-26
00003;00101069;00000020;00003;02;FA;A;00001274;99165.75;0.0;66.33;2026-05-26
00003;00101070;00000207;00003;64;AC;;00000000;496719.02;0.0;0.0;2026-06-29
00003;00101071;00000295;00003;02;FA;A;00001154;103283.98;0.0;69.09;2026-01-12
01900;00001270;00000186;01900;02;FA;B;19212077;462.0;0.0;0.0;2026-06-29
00003;00101073;00000336;00003;02;FA;A;00001284;217891.5;0.0;150.27;2026-06-12
01900;00001273;00000300;01900;02;FA;B;19212081;257.0;0.0;0.0;2026-06-12
01900;00001274;00000327;01900;02;FA;B;19212082;220.0;0.0;0.0;2026-06-05
01900;00001276;00000340;01900;02;FA;B;19212083;183.0;0.0;0.0;2026-06-10
01900;00001277;00000341;01900;02;FA;B;19212086;2225.0;0.0;0.0;2026-06-26
01900;00007934;00000342;01900;02;FA;B;19212087;216.0;0.0;0.0;2026-06-08
01900;00001278;00000343;01900;02;FA;B;19212089;115.0;0.0;0.0;2026-06-12
01900;00001279;00000066;01900;02;FA;B;19211949;267.0;0.0;0.0;2026-04-06
01900;00001280;00000154;01900;02;FA;B;19212090;606.0;0.0;0.0;2026-06-30
01900;00001281;00000293;01900;02;FA;B;19211930;206.41;0.0;0.0;2026-04-07
01900;00001281;00000293;01900;02;FA;B;19212017;197.97;0.0;0.0;2026-05-13
00003;00101076;00000013;00003;02;FA;A;00001293;1085182.65;0.0;718.66;2026-06-17
01900;00001292;00000050;01900;02;FA;B;19212046;50.25;0.0;0.0;2026-06-16
01900;00001293;00000333;01900;02;FA;B;19212021;135.0;0.0;0.0;2026-05-04
01900;00001294;00000166;01900;02;FA;B;19212055;50.99;0.0;0.0;2026-06-09
01900;00001302;00000293;01900;02;FA;B;19212017;186.02;0.0;0.0;2026-05-13
01900;00001308;00000056;01900;02;FA;B;19212062;1570.0;0.0;0.0;2026-06-25
01900;00001400;00000072;01900;02;FA;B;19212140;42.15;0.0;0.0;2026-08-10
01900;00001415;00000350;01900;02;FA;B;19212152;383.99;0.0;0.0;2026-05-08
01900;00007943;00000337;01900;02;FA;B;19212051;349.33;0.0;0.0;2026-06-16
01900;00007943;00000337;01900;02;FA;B;19212052;825.36;0.0;0.0;2026-06-16
01900;00007943;00000337;01900;02;FA;B;19212059;1926.82;0.0;0.0;2026-06-17
01900;00007943;00000337;01900;02;FA;B;19212072;1269.36;0.0;0.0;2026-06-29
01900;00007943;00000337;01900;02;FA;B;19212078;237.12;0.0;0.0;2026-06-30
00003;00101074;00000004;00003;02;FA;A;00001290;15049792.5;0.0;10343.5;2026-06-17
00003;00101074;00000004;00003;02;FA;A;00001300;990418.25;0.0;671.47;2026-06-22
01900;00001282;00000202;01900;02;FA;B;19212032;374.33;0.0;0.0;2026-05-18
01900;00001282;00000202;01900;02;FA;B;19212058;5531.84;0.0;0.0;2026-06-16
01900;00001283;00000132;01900;02;FA;B;19211998;93.83;0.0;0.0;2026-05-18
00003;00101075;00000242;00003;02;FA;A;00001077;200000.0;0.0;137.46;2025-10-07
00003;00101077;00000275;00003;02;FA;A;00001298;63498.75;0.0;43.05;2026-06-22
01900;00001284;00000056;01900;02;FA;B;19212002;8491.59;0.0;0.0;2026-05-18
01900;00001284;00000056;01900;02;FA;B;19212062;1183.41;0.0;0.0;2026-06-25
01900;00007736;00000338;01900;02;FA;B;19212095;676.24;0.0;0.0;2026-07-06
01900;00007945;00000066;01900;02;FA;B;19211949;113.16;0.0;0.0;2026-04-06
01900;00007945;00000066;01900;02;FA;B;19212054;217.96;0.0;0.0;2026-06-09
00003;00007944;00000007;00003;02;FA;A;00001291;900000.0;0.0;618.6;2026-06-17
01900;00001285;00000224;01900;02;FA;B;19212097;773.58;0.0;0.0;2026-07-06
01900;00001286;00000297;01900;02;FA;B;19212101;376.15;0.0;0.0;2026-07-03
01900;00001287;00000181;01900;02;FA;B;19212092;611.62;0.0;0.0;2026-06-19
01900;00007735;00000288;01900;02;FA;B;19212102;175.0;0.0;0.0;2026-07-07
00003;00101078;00000281;00003;02;FA;A;00001307;482528.05;0.0;319.56;2026-06-28
01900;00001288;00000299;01900;02;FA;B;19212084;220.46;0.0;0.0;2026-06-30
01900;00001289;00000056;01900;02;FA;B;19212062;1000.0;0.0;0.0;2026-06-25
01900;00007946;00000025;01900;02;FA;A;00000248;6900.0;0.0;0.0;2026-07-08
00003;00101079;00000205;00003;02;FA;A;00001251;15686453.31;0.0;0.0;2026-04-30
01900;00001290;00000160;01900;02;FA;B;19212074;164.35;0.0;0.0;2026-06-29
01900;00001291;00000112;01900;02;FA;B;19212064;1077.66;0.0;0.0;2026-06-23
00003;00101080;00000013;00003;02;FA;A;00001257;1025282.6;0.0;681.25;2026-05-14
00003;00101081;00000026;00003;02;FA;A;00001303;1260139.39;0.0;842.9;2026-06-26
01900;00001295;00000024;01900;02;FA;B;19212099;446.9;0.0;0.0;2026-07-08
01900;00001296;00000142;01900;02;FA;B;19212071;358.6;0.0;0.0;2026-06-29
01900;00001297;00000061;01900;02;FA;B;19212000;5229.9;0.0;0.0;2026-05-18
01900;00001297;00000061;01900;02;FA;B;19212041;4383.57;0.0;0.0;2026-06-16
01900;00001297;00000061;01900;02;FA;B;19212105;3856.08;0.0;0.0;2026-07-13
01900;00001298;00000322;01900;02;FA;B;19212085;82.0;0.0;0.0;2026-06-08
01900;00007947;00000063;01900;02;FA;B;19212044;5300.96;0.0;0.0;2026-06-16
01900;00007947;00000063;01900;02;FA;B;19212045;1069.28;0.0;0.0;2026-06-16
00003;00007949;00000295;00003;02;FA;A;00001154;1000000.0;0.0;664.45;2026-01-12
01900;00001299;00000122;01900;02;FA;B;19212112;459.36;0.0;0.0;2026-06-30
01900;00001300;00000224;01900;02;FA;B;19212113;534.41;0.0;0.0;2026-07-17
01900;00001301;00000305;01900;02;FA;B;19212115;193.69;0.0;0.0;2026-07-17
00003;00101082;00000295;00003;02;FA;A;00001154;84465.0;0.0;56.12;2026-01-12
00003;00101083;00000005;00003;02;FA;A;00001285;270082.92;0.0;185.62;2026-06-16
00003;00101084;00000139;00003;02;FA;A;00001271;5400000.0;0.0;3588.04;2026-05-18
01900;00001303;00000221;01900;02;FA;B;19212009;1532.97;0.0;0.0;2026-05-15
01900;00001303;00000221;01900;02;FA;B;19212015;696.7;0.0;0.0;2026-05-18
01900;00007984;00000334;01900;02;FA;A;00000252;138.0;0.0;0.0;2026-07-16
01900;00007738;00000143;01900;02;FA;A;00000253;214.0;0.0;0.0;2026-07-20
01900;00001304;00000181;01900;02;FA;B;19212093;611.62;0.0;0.0;2026-07-03
01900;00001305;00000136;01900;02;FA;A;00000240;748.39;0.0;0.0;2026-06-25
01900;00001305;00000136;01900;02;FA;A;00000244;197.98;0.0;0.0;2026-06-30
01900;00001305;00000136;01900;02;FA;A;00000245;85.49;0.0;0.0;2026-06-30
01900;00001305;00000136;01900;02;FA;A;00000249;255.35;0.0;0.0;2026-07-13
01900;00001305;00000136;01900;02;FA;A;00000250;189.35;0.0;0.0;2026-07-13
01900;00001305;00000136;01900;02;FA;A;00000251;269.62;0.0;0.0;2026-07-20
00003;00101085;00000014;00003;02;FA;A;00001319;246120.0;0.0;164.08;2026-07-21
00003;00101086;00000213;00003;02;FA;A;00001308;169663.6;0.0;112.36;2026-07-08
00003;00101087;00000067;00003;02;FA;A;00001305;156269.25;0.0;0.0;2026-06-28
00003;00101087;00000067;00003;02;FA;A;00001306;1252645.58;0.0;0.0;2026-06-28
01900;00001306;00000068;01900;02;FA;B;19212027;157.15;0.0;0.0;2026-05-26
01900;00001306;00000068;01900;02;FA;B;19212037;1053.15;0.0;0.0;2026-06-16
01900;00001306;00000068;01900;02;FA;B;19212076;789.7;0.0;0.0;2026-06-30
01900;00001307;00000056;01900;02;FA;B;19212062;1652.0;0.0;0.0;2026-06-25
01900;00001309;00000312;01900;02;FA;B;19212121;404.38;0.0;0.0;2026-07-23
00003;00007950;00000025;00003;02;FA;A;00001288;2075964.9;0.0;1370.27;2026-06-16
00003;00007950;00000025;00003;02;FA;A;00001310;5479140.7;0.0;3616.59;2026-07-08
00003;00101088;00000275;00003;02;FA;A;00001317;632702.25;0.0;417.63;2026-07-20
00003;00101089;00000308;00003;02;FA;A;00001320;1260718.31;0.0;832.16;2026-07-24
01900;00001310;00000177;01900;02;FA;B;19212123;206.45;0.0;0.0;2026-07-24
01900;00007740;00000006;01900;02;FA;A;00000206;407.72;0.0;0.0;2026-03-09
01900;00007740;00000006;01900;02;FA;A;00000218;612.28;0.0;0.0;2026-04-06
01900;00001311;00000119;01900;02;FA;B;19212096;1113.46;0.0;0.0;2026-07-08
01900;00001312;00000181;01900;02;FA;B;19212094;611.62;0.0;0.0;2026-07-06
00003;00101090;00000295;00003;02;FA;A;00001154;369142.48;0.0;243.66;2026-01-12
00003;00101090;00000295;00003;02;FA;A;00001174;862857.52;0.0;569.54;2026-02-10
01900;00001313;00000252;01900;02;FA;B;19212069;600.0;0.0;0.0;2026-06-29
01900;00001314;00000345;01900;02;FA;B;19212124;161.4;0.0;0.0;2026-07-22
01900;00001315;00000181;01900;02;FA;B;19212125;1223.24;0.0;0.0;2026-07-27
01900;00001316;00000056;01900;02;FA;B;19212062;2100.0;0.0;0.0;2026-06-25
01900;00001317;00000056;01900;02;FA;B;19212062;705.0;0.0;0.0;2026-06-25
01900;00001318;00000056;01900;02;FA;B;19212062;1336.0;0.0;0.0;2026-06-25
01900;00007742;00000046;01900;02;FA;A;00000247;2500.0;0.0;0.0;2026-07-01
01900;00001319;00000111;01900;02;FA;B;19212126;202.35;0.0;0.0;2026-07-28
00003;00101091;00000277;00003;02;FA;A;00001322;406964.8;0.0;267.74;2026-07-27
01900;00001320;00000346;01900;02;FA;B;19212127;116.54;0.0;0.0;2026-07-06
01900;00007743;00000337;01900;02;FA;B;19212107;54.15;0.0;0.0;2026-07-13
01900;00007743;00000337;01900;02;FA;B;19212116;1004.69;0.0;0.0;2026-07-20
01900;00007743;00000337;01900;02;FA;B;19212129;241.16;0.0;0.0;2026-07-28
01900;00001321;00000034;01900;05;RC;;00001232;-298.35;0.0;0.0;2026-05-26
01900;00001321;00000034;01900;02;FA;B;19212043;916.7;0.0;0.0;2026-06-16
01900;00001321;00000034;01900;02;FA;B;19212073;2272.95;0.0;0.0;2026-06-29
01900;00001321;00000034;01900;02;FA;B;19212109;627.09;0.0;0.0;2026-07-13
01900;00001321;00000034;01900;02;FA;B;19212128;1541.61;0.0;0.0;2026-07-29
01900;00001322;00000056;01900;02;FA;B;19212062;1330.0;0.0;0.0;2026-06-25
00003;00101092;00000233;00003;03;ND;A;00000006;158685.0;0.0;111.75;2026-07-27
01900;00008002;00000066;01900;02;FA;B;19212054;322.99;0.0;0.0;2026-06-09
01900;00008002;00000066;01900;02;FA;B;19212056;10.01;0.0;0.0;2026-06-16
00003;00101094;00000308;00003;02;FA;A;00001321;129111.33;0.0;85.22;2026-07-24
01900;00001327;00000347;01900;02;FA;B;19212133;411.56;0.0;0.0;2026-07-30
01900;00007739;00000348;01900;02;FA;B;19212134;300.0;0.0;0.0;2026-07-22
00003;00101095;00000295;00003;02;FA;A;00001174;275859.98;0.0;193.59;2026-02-10
00003;00101095;00000295;00003;02;FA;A;00001292;178640.02;0.0;122.86;2026-06-17
01900;00001328;00000296;01900;02;FA;B;19212135;209.67;0.0;0.0;2026-07-31
01900;00001399;00000072;01900;02;FA;B;19212140;126.1;0.0;0.0;2026-08-10
00003;00101093;00000005;00003;02;FA;A;00001311;185130.05;0.0;123.01;2026-07-13
01900;00001323;00000056;01900;02;FA;B;19212062;705.0;0.0;0.0;2026-06-25
01900;00001324;00000316;01900;02;FA;B;19212079;170.58;0.0;0.0;2026-06-30
01900;00001324;00000316;01900;02;FA;B;19212130;63.0;0.0;0.0;2026-07-27
01900;00001326;00000056;01900;02;FA;B;19212062;1007.0;0.0;0.0;2026-06-25
01900;00001329;00000252;01900;05;RC;;00001233;-402.14;0.0;0.0;2026-05-25
01900;00001329;00000252;01900;02;FA;B;19212069;403.56;0.0;0.0;2026-06-29
01900;00001330;00000037;01900;02;FA;B;19212053;30.01;0.0;0.0;2026-06-09
00003;00101096;00000230;00003;02;FA;A;00001330;580381.35;0.0;383.09;2026-07-31
01900;00007744;00000063;01900;02;FA;B;19212103;3328.97;0.0;0.0;2026-07-13
00003;00101097;00000067;00003;02;FA;A;00001325;191216.0;0.0;125.8;2026-07-27
00003;00007746;00000007;00003;02;FA;A;00001291;47025.6;0.0;32.32;2026-06-17
00003;00007746;00000007;00003;02;FA;A;00001309;1452974.4;0.0;962.23;2026-07-08
01900;00001331;00000312;01900;02;FA;B;19212136;439.45;0.0;0.0;2026-07-30
01900;00001332;00000312;01900;02;FA;B;19212137;56.7;0.0;0.0;2026-07-23
00003;00101098;00000210;00003;02;FA;A;00001252;16514972.98;0.0;0.0;2026-04-30
00003;00101099;00000004;00003;02;FA;A;00001312;6633000.0;0.0;4407.31;2026-07-13
01900;00007748;00000046;01900;02;FA;A;00000241;878.3;0.0;0.0;2026-06-29
01900;00007748;00000046;01900;02;FA;A;00000247;950.0;0.0;0.0;2026-07-01
00003;00007747;00000295;00003;02;FA;A;00001292;752000.0;0.0;495.06;2026-06-17
01900;00001333;00000056;01900;02;FA;B;19212062;1000.0;0.0;0.0;2026-06-25
01900;00001334;00000056;01900;02;FA;B;19212062;3242.88;0.0;0.0;2026-06-25
01900;00007749;00000246;01900;02;FA;B;19212146;100.0;0.0;0.0;2026-08-11
01900;00001335;00000045;01900;02;FA;B;19212144;425.16;0.0;0.0;2026-08-12
01900;00001336;00000284;01900;02;FA;B;19212148;71.6;0.0;0.0;2026-08-10
01900;00001337;00000305;01900;02;FA;B;19212149;379.3;0.0;0.0;2026-08-11
01900;00001338;00000350;01900;02;FA;B;19212156;523.68;0.0;0.0;2026-08-07
01900;00001339;00000350;01900;02;FA;B;19212153;538.0;0.0;0.0;2026-05-29
01900;00001339;00000350;01900;02;FA;B;19212154;151.8;0.0;0.0;2026-06-12
01900;00001341;00000312;01900;02;FA;B;19212157;381.47;0.0;0.0;2026-07-06
01900;00001342;00000312;01900;02;FA;B;19212158;61.81;0.0;0.0;2026-07-14
00003;00101100;00000013;00003;02;FA;A;00001332;1111494.9;0.0;733.66;2026-08-05
00003;00101101;00000004;00003;02;FA;A;00001312;5843133.95;0.0;3882.48;2026-07-13
00003;00101101;00000004;00003;02;FA;A;00001314;822918.95;0.0;546.79;2026-07-17
00003;00101102;00000233;00003;02;FA;A;00001297;98117.0;0.0;64.76;2026-06-22
01900;00001343;00000314;01900;02;FA;B;19212160;148.86;0.0;0.0;2026-08-13
01900;00001344;00000181;01900;02;FA;B;19212139;611.62;0.0;0.0;2026-08-04
01900;00001345;00000056;01900;02;FA;B;19212108;3682.29;0.0;0.0;2026-07-13
01900;00001345;00000056;01900;02;FA;B;19212062;617.71;0.0;0.0;2026-06-25
01900;00001346;00000344;01900;02;FA;B;19212159;1423.39;0.0;0.0;2026-08-12
01900;00001347;00000350;01900;02;FA;B;19212155;331.84;0.0;0.0;2026-07-17
01900;00001347;00000350;01900;02;FA;B;19212154;582.2;0.0;0.0;2026-06-12
01900;00001348;00000003;01900;02;FA;B;19212161;265.0;0.0;0.0;2026-08-13
00003;00101110;00000020;00003;02;FA;A;00001334;96398.4;0.0;63.21;2026-08-10
00003;00101112;00000295;00003;02;FA;A;00001292;1296562.38;0.0;891.1;2026-06-17
00003;00101112;00000295;00003;02;FA;A;00001299;71437.62;0.0;48.43;2026-06-22
01900;00001350;00000056;01900;02;FA;B;19212108;3300.0;0.0;0.0;2026-07-13
01900;00001351;00000056;01900;02;FA;B;19212108;5045.48;0.0;0.0;2026-07-13
01900;00001351;00000056;01900;02;FA;B;19212151;1396.52;0.0;0.0;2026-08-12
01900;00001352;00000316;01900;02;FA;B;19212163;71.55;0.0;0.0;2026-08-14
01900;00001353;00000056;01900;02;FA;B;19212151;1300.0;0.0;0.0;2026-08-12
01900;00001354;00000056;01900;02;FA;B;19212151;2000.0;0.0;0.0;2026-08-12
00003;00101104;00000067;00003;02;FA;A;00001331;1137262.93;0.0;0.0;2026-08-05
00003;00101105;00000005;00003;02;FA;A;00001323;431186.0;0.0;283.68;2026-07-27
00003;00101105;00000005;00003;02;FA;A;00001328;94081.5;0.0;62.1;2026-07-31
00003;00101106;00000026;00003;02;FA;A;00001316;144360.0;0.0;95.6;2026-07-20
00003;00101106;00000026;00003;02;FA;A;00001326;1134927.1;0.0;749.13;2026-07-31
00003;00101106;00000026;00003;02;FA;A;00001339;265731.0;0.0;175.4;2026-08-11
01900;00001367;00000056;01900;64;AC;;00000000;300.0;0.0;0.0;2026-08-26
00003;00101107;00000336;00003;02;FA;A;00001342;164484.3;0.0;108.93;2026-08-18
01900;00001357;00000327;01900;02;FA;B;19212145;98.7;0.0;0.0;2026-08-12
01900;00001358;00000056;01900;02;FA;B;19212151;2897.0;0.0;0.0;2026-08-12
01900;00001359;00000056;01900;02;FA;B;19212151;405.34;0.0;0.0;2026-08-12
01900;00001360;00000224;01900;02;FA;B;19212166;1059.12;0.0;0.0;2026-08-20
01900;00001361;00000056;01900;02;FA;B;19212151;394.21;0.0;0.0;2026-08-12
01900;00001361;00000056;01900;64;AC;;00000000;4605.79;0.0;0.0;2026-08-20
01900;00001362;00000056;01900;64;AC;;00000000;167.0;0.0;0.0;2026-08-21
00003;00008054;00000007;00003;02;FA;A;00001309;319312.6;0.0;211.33;2026-07-08
00003;00008054;00000007;00003;02;FA;A;00001338;1215687.4;0.0;802.43;2026-08-11
01900;00007750;00000043;01900;02;FA;B;19212106;940.0;0.0;0.0;2026-07-13
01900;00008052;00000337;01900;02;FA;B;19212129;94.84;0.0;0.0;2026-07-28
01900;00008052;00000337;01900;02;FA;B;19212132;300.22;0.0;0.0;2026-08-03
01900;00008051;00000325;01900;02;FA;B;19212031;291.88;0.0;0.0;2026-06-01
01900;00008051;00000325;01900;02;FA;B;19212048;8.12;0.0;0.0;2026-06-16
01900;00008004;00000068;01900;02;FA;B;19212076;986.0;0.0;0.0;2026-06-30
00003;00101108;00000275;00003;02;FA;A;00001344;263738.78;0.0;174.09;2026-08-20
01900;00001363;00000136;01900;02;FA;A;00000254;1763.7;0.0;0.0;2026-08-03
01900;00001363;00000136;01900;02;FA;A;00000256;144.3;0.0;0.0;2026-08-12
01900;00001363;00000136;01900;02;FA;A;00000258;221.95;0.0;0.0;2026-08-18
00003;00101109;00000028;00003;02;FA;A;00001287;61328.25;0.0;40.48;2026-06-16
00003;00101109;00000028;00003;02;FA;A;00001327;635163.75;0.0;419.25;2026-07-31
00003;00101109;00000028;00003;64;AC;;00000000;103508.0;0.0;0.0;2026-08-20
00003;00101111;00000281;00003;02;FA;A;00001335;572546.0;0.0;375.44;2026-08-10
01900;00001364;00000327;01900;02;FA;B;19212145;232.72;0.0;0.0;2026-08-12
00003;00101113;00000295;00003;02;FA;A;00001299;208620.63;0.0;136.8;2026-06-22
00003;00101113;00000295;00003;02;FA;A;00001304;119699.37;0.0;78.49;2026-06-27
01900;00001365;00000348;01900;02;FA;B;19212134;24.8;0.0;0.0;2026-07-22
01900;00008005;00000006;01900;02;FA;A;00000218;39.97;0.0;0.0;2026-04-06
01900;00008005;00000006;01900;02;FA;A;00000230;264.81;0.0;0.0;2026-05-18
01900;00008005;00000006;01900;02;FA;A;00000236;695.22;0.0;0.0;2026-06-16
01900;00001366;00000317;01900;02;FA;B;19212088;172.8;0.0;0.0;2026-06-26
01900;00001368;00000056;01900;64;AC;;00000000;554.0;0.0;0.0;2026-08-26
01900;00001369;00000056;01900;64;AC;;00000000;1032.0;0.0;0.0;2026-08-25
01900;00001370;00000296;01900;02;FA;B;19212171;157.48;0.0;0.0;2026-08-18
01900;00001371;00000277;01900;02;FA;A;00000263;80.97;0.0;0.0;2026-08-18
00003;00008056;00000139;00003;02;FA;A;00001294;11803912.3;0.0;8112.65;2026-06-17
00003;00008055;00000235;00003;02;FA;A;00001353;9436654.25;0.0;6187.97;2026-08-24
00003;00101114;00000295;00003;02;FA;A;00001304;2731.43;0.0;1.81;2026-06-27
00003;00101114;00000295;00003;02;FA;A;00001315;453268.57;0.0;302.18;2026-07-20
00003;00101115;00000351;00003;02;FA;A;00001354;5149727.4;0.0;3399.16;2026-08-24
01900;00008057;00000063;01900;02;FA;B;19212141;3543.95;0.0;0.0;2026-08-12
01900;00001372;00000056;01900;64;AC;;00000000;1100.0;0.0;0.0;2026-08-21
01900;00001373;00000297;01900;02;FA;B;19212172;1071.0;0.0;0.0;2026-08-24
00003;00101116;00000242;00003;02;FA;A;00001077;200000.0;0.0;137.54;2025-10-07
01900;00001374;00000122;01900;02;FA;B;19212174;517.88;0.0;0.0;2026-08-19
01900;00001374;00000122;01900;02;FA;B;19212173;210.06;0.0;0.0;2026-08-26
00003;00101117;00000353;00003;02;FA;A;00001352;121939.0;0.0;79.96;2026-08-24
01900;00008053;00000080;01900;02;FA;A;00000264;149.99;0.0;0.0;2026-08-18
01900;00008053;00000080;01900;02;FA;A;00000265;75.0;0.0;0.0;2026-08-19
01900;00008053;00000080;01900;64;AC;;00000000;75.01;0.0;0.0;2026-08-21
00003;00008058;00000007;00003;02;FA;A;00001338;1530000.0;0.0;1009.9;2026-08-11
01900;00008006;00000143;01900;02;FA;A;00000266;200.0;0.0;0.0;2026-08-28
01900;00001375;00000296;01900;02;FA;B;19212178;130.76;0.0;0.0;2026-08-24
00003;00101118;00000308;00003;02;FA;A;00001355;209159.1;0.0;136.26;2026-08-25
01900;00001377;00000056;01900;64;AC;;00000000;2000.0;0.0;0.0;2026-08-24
01900;00001383;00000221;01900;02;FA;B;19212034;299.64;0.0;0.0;2026-06-04
01900;00001383;00000221;01900;02;FA;B;19212067;283.58;0.0;0.0;2026-06-26
01900;00001383;00000221;01900;02;FA;B;19212098;184.29;0.0;0.0;2026-07-03
01900;00001388;00000218;01900;02;FA;A;00000269;220.81;0.0;0.0;2026-08-31
00003;00101119;00000235;00003;02;FA;A;00001357;2422915.65;0.0;1583.61;2026-08-26
00003;00101120;00000004;00003;02;FA;A;00001341;7647546.0;0.0;4998.4;2026-08-18
01900;00001376;00000252;01900;02;FA;B;19212164;455.45;0.0;0.0;2026-08-19
01900;00001378;00000214;01900;02;FA;B;19212179;359.39;0.0;0.0;2026-09-02
01900;00008007;00000068;01900;02;FA;B;19212076;990.0;0.0;0.0;2026-06-30
01900;00001379;00000112;01900;02;FA;B;19212181;275.27;0.0;0.0;2026-08-24
01900;00001380;00000112;01900;02;FA;B;19212180;3005.17;0.0;0.0;2026-09-03
01900;00007456;00000191;01900;02;FA;B;19211618;480.55;0.0;0.0;2025-08-07
01900;00007456;00000191;01900;02;FA;B;19212100;670.92;0.0;0.0;2026-07-08
01900;00001381;00000305;01900;02;FA;B;19212183;420.14;0.0;0.0;2026-09-03
01900;00001382;00000090;01900;02;FA;B;19212167;824.47;0.0;0.0;2026-08-20
01900;00001384;00000202;01900;02;FA;B;19212111;129.39;0.0;0.0;2026-07-20
01900;00001385;00000132;01900;02;FA;B;19211998;457.29;0.0;0.0;2026-05-18
01900;00001385;00000132;01900;02;FA;B;19212038;722.19;0.0;0.0;2026-06-16
01900;00001385;00000132;01900;02;FA;B;19212104;1137.94;0.0;0.0;2026-07-13
01900;00001385;00000132;01900;02;FA;B;19212142;2369.83;0.0;0.0;2026-08-12
01900;00001385;00000132;01900;64;AC;;00000000;183.36;0.0;0.0;2026-09-02
00003;00101121;00000295;00003;02;FA;A;00001315;608000.0;0.0;405.33;2026-07-20
01900;00001386;00000344;01900;02;FA;B;19212170;704.72;0.0;0.0;2026-08-24
01900;00001387;00000350;01900;02;FA;B;19212156;228.5;0.0;0.0;2026-08-07
01900;00001389;00000296;01900;02;FA;B;19212185;61.9;0.0;0.0;2026-08-26
01900;00001390;00000200;01900;64;AC;;00000000;2495.75;0.0;0.0;2026-09-07
01900;00001391;00000066;01900;02;FA;B;19212056;134.03;0.0;0.0;2026-06-16
01900;00001391;00000066;01900;02;FA;B;19212114;129.12;0.0;0.0;2026-07-17
01900;00001392;00000181;01900;02;FA;B;19212175;611.62;0.0;0.0;2026-08-25
01900;00001392;00000181;01900;02;FA;B;19212176;611.62;0.0;0.0;2026-08-26
01900;00001393;00000296;01900;02;FA;B;19212178;130.44;0.0;0.0;2026-08-24
01900;00001394;00000072;01900;02;FA;B;19212140;24.37;0.0;0.0;2026-08-10
01900;00001395;00000312;01900;02;FA;B;19212182;419.58;0.0;0.0;2026-09-02
01900;00001396;00000034;01900;02;FA;B;19212128;300.0;0.0;0.0;2026-07-29
00003;00101122;00000352;00003;02;FA;A;00001343;128290.2;0.0;83.85;2026-08-20
00003;00101123;00000295;00003;02;FA;A;00001315;688500.0;0.0;450.0;2026-07-20
01900;00001397;00000056;01900;64;AC;;00000000;2800.0;0.0;0.0;2026-09-10
01900;00001398;00000056;01900;64;AC;;00000000;100.0;0.0;0.0;2026-09-10
01900;00007805;00000056;01900;02;FA;B;19212194;5000.0;0.0;0.0;2026-09-10
00003;00101124;00000168;00003;02;FA;A;00001281;11626217.97;0.0;0.0;2026-05-30
01900;00007807;00000006;01900;02;FA;A;00000236;312.6;0.0;0.0;2026-06-16
01900;00007807;00000006;01900;02;FA;A;00000243;687.4;0.0;0.0;2026-06-29
00003;00008059;00000017;00003;02;FA;B;00000211;880905.15;0.0;575.76;2026-09-07
01900;00008061;00000068;01900;02;FA;B;19212076;169.07;0.0;0.0;2026-06-30
01900;00008061;00000068;01900;02;FA;B;19212110;264.33;0.0;0.0;2026-07-13
01900;00008061;00000068;01900;02;FA;B;19212131;550.6;0.0;0.0;2026-08-03
01900;00008060;00000043;01900;02;FA;B;19212106;108.37;0.0;0.0;2026-07-13
01900;00008060;00000043;01900;02;FA;B;19212120;545.22;0.0;0.0;2026-07-22
01900;00007806;00000334;01900;02;FA;A;00000273;100.0;0.0;0.0;2026-09-10
01900;00001401;00000334;01900;02;FA;A;00000273;118.07;0.0;0.0;2026-09-10
01900;00001402;00000056;01900;02;FA;B;19212195;2000.0;0.0;0.0;2026-09-10
01900;00001403;00000056;01900;02;FA;B;19212195;4000.0;0.0;0.0;2026-09-10
01900;00001404;00000056;01900;02;FA;B;19212195;2963.05;0.0;0.0;2026-09-10
01900;00001404;00000056;01900;64;AC;;00000000;3566.95;0.0;0.0;2026-09-15
01900;00008062;00000264;01900;02;FA;B;19212199;125.13;0.0;0.0;2026-09-15
00003;00101125;00000005;00003;02;FA;A;00001362;709308.0;0.0;463.6;2026-09-07
00003;00101126;00000012;00003;02;FA;A;00001351;220316.75;0.0;144.47;2026-08-24
00003;00101127;00000235;00003;02;FA;A;00001364;5661604.35;0.0;3700.4;2026-09-09
00003;00101128;00000026;00003;03;ND;A;00000007;420000.1;0.0;275.41;2026-08-24
00003;00101128;00000026;00003;03;ND;A;00000008;2525414.94;0.0;1650.6;2026-09-10
01900;00001405;00000169;01900;02;FA;A;00000270;453.45;0.0;0.0;2026-08-27
01900;00001406;00000034;01900;02;FA;B;19212128;136.89;0.0;0.0;2026-07-29
01900;00001407;00000181;01900;02;FA;B;19212177;611.62;0.0;0.0;2026-08-26
01900;00001408;00000343;01900;02;FA;B;19212204;74.24;0.0;0.0;2026-09-17
01900;00001409;00000142;01900;02;FA;B;19212198;117.5;0.0;0.0;2026-09-15
01900;00001410;00000316;01900;02;FA;B;19212202;57.35;0.0;0.0;2026-09-15
01900;00001411;00000218;01900;02;FA;A;00000274;375.21;0.0;0.0;2026-09-16
01900;00001412;00000296;01900;02;FA;B;19212201;117.38;0.0;0.0;2026-09-15
00003;00101129;00000013;00003;02;FA;A;00001340;2462102.25;0.0;1625.15;2026-08-12
00003;00101130;00000067;00003;02;FA;A;00001360;912260.77;0.0;0.0;2026-09-03
00003;00101130;00000067;00003;02;FA;A;00001361;1410876.78;0.0;0.0;2026-09-04
00003;00101131;00000281;00003;02;FA;A;00001363;257108.85;0.0;168.05;2026-09-07
01900;00001413;00000056;01900;64;AC;;00000000;620.0;0.0;0.0;2026-09-16
01900;00001414;00000355;01900;02;FA;B;19212208;146.97;0.0;0.0;2026-09-21
01900;00001057;00000291;01900;02;FA;B;19211764;186.62;0.0;0.0;2025-11-28
01900;00001058;00000291;01900;02;FA;B;19211764;421.36;0.0;0.0;2025-11-28
01900;00001059;00000210;01900;02;FA;A;00000179;11604.96;0.0;0.0;2025-12-15
01900;00001060;00000209;01900;02;FA;A;00000177;12290.16;0.0;0.0;2025-12-15
00003;00100952;00000020;00003;02;FA;A;00001134;320411.6;0.0;219.46;2025-12-11
