rc_punto;rc_numero;rc_agenda;forma_cod;medio;importe;banco;cheque_nro;vto;cuit_emisor;propio_terceros
01900;00007793;00000043;6;transferencia;334.1;;;;;P
01900;00001064;00000243;6;transferencia;567.45;;;;;P
01900;00007795;00000252;6;transferencia;620.0;;;;;P
00003;00007794;00000007;6;transferencia;1495000.0;;;;;P
01900;00001065;00000136;6;transferencia;674.47;;;;;P
01900;00001066;00000214;6;transferencia;143.68;;;;;P
00003;00007796;00000017;6;transferencia;666473.48;;;;;P
00003;00007797;00000207;6;transferencia;2000000.0;;;;;P
00003;00100959;00000013;6;transferencia;296534.0;;;;;P
00003;00100960;00000292;6;transferencia;91671.2;;;;;P
00003;00100961;00000258;6;transferencia;429333.2;;;;;P
01900;00001067;00000293;6;transferencia;265.0;;;;;P
01900;00001068;00000243;6;transferencia;479.02;;;;;P
01900;00001069;00000111;6;transferencia;102.19;;;;;P
00003;00100962;00000242;6;transferencia;400000.0;;;;;P
01900;00001070;00000122;6;transferencia;553.33;;;;;P
01900;00007717;00000191;6;transferencia;1622.0;;;;;P
00003;00100963;00000293;6;transferencia;79742.4;;;;;P
01900;00007908;00000288;6;transferencia;100.32;;;;;P
01900;00007799;00000216;6;transferencia;2478.0;;;;;P
00003;00007800;00000207;6;transferencia;800000.0;;;;;P
00003;00100964;00000014;6;transferencia;223425.5;;;;;P
01900;00001071;00000066;6;transferencia;410.0;;;;;P
01900;00001072;00000112;6;transferencia;619.72;;;;;P
00003;00100965;00000067;6;transferencia;3155322.67;;;;;P
01900;00001073;00000061;6;transferencia;9977.33;;;;;P
00003;00100966;00000213;6;transferencia;132058.7;;;;;P
01900;00001074;00000122;6;transferencia;385.34;;;;;P
00003;00100967;00000026;6;transferencia;2545255.18;;;;;P
01900;00007851;00000043;6;transferencia;411.0;;;;;P
01900;00001075;00000297;6;transferencia;542.0;;;;;P
01900;00001076;00000296;6;transferencia;302.76;;;;;P
01900;00001077;00000296;6;transferencia;126.14;;;;;P
00003;00100968;00000281;6;transferencia;70655.2;;;;;P
01900;00001078;00000206;6;transferencia;302.18;;;;;P
01900;00007909;00000300;6;transferencia;233.0;;;;;P
01900;00007910;00000006;6;transferencia;724.0;;;;;P
01900;00007993;00000296;6;transferencia;222.0;;;;;P
01900;00007921;00000006;6;transferencia;1031.0;;;;;P
01900;00007913;00000063;6;transferencia;4813.68;;;;;P
01900;00007852;00000046;6;transferencia;720.01;;;;;P
00003;00007853;00000207;6;transferencia;634629.0;;;;;P
00003;00100969;00000233;6;transferencia;144423.78;;;;;P
00003;00100970;00000298;6;transferencia;1566572.7;;;;;P
01900;00001079;00000122;6;transferencia;213.95;;;;;P
00003;00100971;00000005;6;transferencia;455082.0;;;;;P
01900;00001080;00000048;6;transferencia;92.8;;;;;P
01900;00001081;00000050;6;transferencia;1748.42;;;;;P
01900;00001082;00000301;6;transferencia;246.0;;;;;P
01900;00001083;00000243;6;transferencia;614.33;;;;;P
00003;00100972;00000027;6;transferencia;475733.57;;;;;P
01900;00001084;00000214;6;transferencia;216.39;;;;;P
01900;00007915;00000056;6;transferencia;3000.0;;;;;P
01900;00007854;00000058;6;transferencia;400.0;;;;;P
00003;00007916;00000007;6;transferencia;500000.0;;;;;P
01900;00007855;00000276;6;transferencia;159.41;;;;;P
01900;00007914;00000006;6;transferencia;1370.0;;;;;P
00003;00100974;00000022;6;transferencia;193700.0;;;;;P
00003;00100975;00000302;6;transferencia;204514.0;;;;;P
01900;00001085;00000144;6;transferencia;266.0;;;;;P
01900;00001086;00000240;6;transferencia;235.4;;;;;P
01900;00001087;00000243;6;transferencia;269.64;;;;;P
01900;00001088;00000299;6;transferencia;89.0;;;;;P
01900;00001089;00000301;6;transferencia;65.0;;;;;P
01900;00001101;00000296;6;transferencia;392.39;;;;;P
00003;00100987;00000165;6;transferencia;616264.98;;;;;P
01900;00001111;00000221;6;transferencia;1500.0;;;;;P
01900;00001112;00000221;6;transferencia;1500.0;;;;;P
01900;00001139;00000309;6;transferencia;2072.77;;;;;P
00003;00100973;00000028;6;transferencia;1000000.0;;;;;P
00003;00100976;00000018;6;transferencia;400138.98;;;;;P
01900;00007917;00000042;6;transferencia;1000.0;;;;;P
01900;00001090;00000181;6;transferencia;611.62;;;;;P
01900;00001091;00000045;6;transferencia;758.4;;;;;P
01900;00007920;00000006;6;transferencia;600.0;;;;;P
01900;00007919;00000202;6;transferencia;7288.9;;;;;P
01900;00007918;00000056;6;transferencia;1995.0;;;;;P
01900;00001092;00000132;6;transferencia;711.1;;;;;P
01900;00001093;00000056;6;transferencia;4350.0;;;;;P
00003;00100977;00000207;6;transferencia;1000000.0;;;;;P
00003;00007923;00000025;6;transferencia;2258468.25;;;;;P
01900;00009999;00000016;6;transferencia;647.15;;;;;P
01900;00007922;00000143;6;transferencia;264.0;;;;;P
00003;00100978;00000005;6;transferencia;571608.7;;;;;P
00003;00100979;00000018;6;transferencia;364795.6;;;;;P
01900;00001094;00000066;6;transferencia;278.0;;;;;P
00003;00101032;00000004;6;transferencia;6075668.7;;;;;P
01900;00001095;00000136;6;transferencia;2543.27;;;;;P
00003;00100981;00000175;6;transferencia;97803.6;;;;;P
00003;00100982;00000027;6;transferencia;1198027.34;;;;;P
00003;00100983;00000242;6;transferencia;400000.0;;;;;P
00003;00100984;00000067;6;transferencia;2143666.98;;;;;P
01900;00001096;00000205;6;transferencia;10236.8;;;;;P
01900;00001097;00000172;6;transferencia;160.75;;;;;P
00003;00100985;00000013;6;transferencia;641087.4;;;;;P
01900;00001098;00000299;6;transferencia;148.0;;;;;P
01900;00001099;00000214;6;transferencia;162.61;;;;;P
01900;00001100;00000296;6;transferencia;276.0;;;;;P
00003;00100986;00000207;6;transferencia;640000.0;;;;;P
01900;00001102;00000050;6;transferencia;1089.41;;;;;P
01900;00001103;00000045;6;transferencia;914.15;;;;;P
01900;00001104;00000006;6;transferencia;500.0;;;;;P
01900;00001105;00000255;6;transferencia;116.13;;;;;P
00003;00100988;00000275;6;transferencia;303052.85;;;;;P
01900;00001106;00000136;6;transferencia;1809.39;;;;;P
00003;00100989;00000285;6;transferencia;147055.2;;;;;P
01900;00007925;00000096;6;transferencia;2864.43;;;;;P
00003;00007856;00000007;6;transferencia;1200000.0;;;;;P
00003;00100990;00000014;6;transferencia;198360.25;;;;;P
01900;00001107;00000066;6;transferencia;355.87;;;;;P
01900;00001108;00000293;6;transferencia;485.0;;;;;P
01900;00001109;00000024;6;transferencia;1296.86;;;;;P
00003;00007857;00000139;6;transferencia;8557938.87;;;;;P
01900;00001110;00000200;6;transferencia;3292.27;;;;;P
00003;00100991;00000207;6;transferencia;600000.0;;;;;P
01900;00001113;00000221;6;transferencia;1000.0;;;;;P
01900;00007860;00000063;6;transferencia;4619.37;;;;;P
01900;00007859;00000046;6;transferencia;1064.19;;;;;P
01900;00007858;00000043;6;transferencia;353.36;;;;;P
01900;00001141;00000056;6;transferencia;5035.0;;;;;P
01900;00001114;00000224;6;transferencia;349.38;;;;;P
01900;00001115;00000154;6;transferencia;288.38;;;;;P
01900;00001116;00000304;6;transferencia;3521.12;;;;;P
01900;00001117;00000304;6;transferencia;3556.0;;;;;P
01900;00001118;00000304;6;transferencia;915.49;;;;;P
01900;00001119;00000056;6;transferencia;4080.0;;;;;P
01900;00007861;00000252;6;transferencia;1700.0;;;;;P
01900;00001121;00000172;6;transferencia;134.06;;;;;P
01900;00001122;00000301;6;transferencia;186.0;;;;;P
00003;00100992;00000303;6;transferencia;90560.0;;;;;P
01900;00001126;00000306;6;transferencia;2109.0;;;;;P
01900;00001144;00000181;6;transferencia;611.62;;;;;P
01900;00001340;00000312;6;transferencia;443.28;;;;;P
01900;00001120;00000034;6;transferencia;148.0;;;;;P
00003;00100993;00000207;6;transferencia;426000.0;;;;;P
01900;00001123;00000058;6;transferencia;709.35;;;;;P
01900;00001124;00000288;6;transferencia;184.53;;;;;P
01900;00001125;00000249;6;transferencia;792.44;;;;;P
01900;00007862;00000136;6;transferencia;223.1;;;;;P
00003;00100994;00000268;6;transferencia;255600.0;;;;;P
01900;00001127;00000216;6;transferencia;4073.0;;;;;P
01900;00001128;00000143;6;transferencia;197.0;;;;;P
00003;00007863;00000017;6;transferencia;976059.93;;;;;P
01900;00001129;00000037;6;transferencia;609.09;;;;;P
01900;00001130;00000045;6;transferencia;1321.33;;;;;P
00003;00100995;00000233;6;transferencia;213700.0;;;;;P
00003;00100996;00000213;6;transferencia;395373.8;;;;;P
01900;00001131;00000250;6;transferencia;47.96;;;;;P
01900;00001132;00000272;6;transferencia;182.74;;;;;P
01900;00001133;00000296;6;transferencia;138.0;;;;;P
01900;00001134;00000305;6;transferencia;125.83;;;;;P
01900;00001135;00000305;6;transferencia;145.92;;;;;P
01900;00007951;00000202;6;transferencia;6290.03;;;;;P
01900;00001136;00000132;6;transferencia;1320.4;;;;;P
00003;00100997;00000207;6;transferencia;90131.25;;;;;P
00003;00100998;00000281;6;transferencia;191025.0;;;;;P
01900;00001137;00000045;6;transferencia;168.14;;;;;P
01900;00001138;00000111;6;transferencia;92.52;;;;;P
00003;00100999;00000209;6;transferencia;13073095.89;;;;;P
00003;00101000;00000210;6;transferencia;7287237.38;;;;;P
00003;00101001;00000205;6;transferencia;9752242.77;;;;;P
01900;00007864;00000235;6;transferencia;650.0;;;;;P
01900;00007952;00000006;6;transferencia;423.0;;;;;P
01900;00001140;00000034;6;transferencia;2748.97;;;;;P
01900;00001142;00000034;6;transferencia;275.67;;;;;P
01900;00001143;00000042;6;transferencia;1975.14;;;;;P
00003;00101002;00000138;6;transferencia;459800.0;;;;;P
00003;00101003;00000004;6;transferencia;2821863.75;;;;;P
00003;00101004;00000308;6;transferencia;605181.35;;;;;P
00003;00101005;00000310;6;transferencia;424500.0;;;;;P
01900;00001145;00000181;6;transferencia;611.62;;;;;P
01900;00001146;00000056;6;transferencia;3400.0;;;;;P
00003;00101006;00000207;6;transferencia;131481.8;;;;;P
01900;00007865;00000310;6;transferencia;1780.0;;;;;P
01900;00007866;00000068;6;transferencia;706.71;;;;;P
01900;00001147;00000136;6;transferencia;2749.73;;;;;P
00003;00007955;00000007;6;transferencia;600000.0;;;;;P
01900;00007867;00000063;6;transferencia;2991.18;;;;;P
00003;00101007;00000013;6;transferencia;2886189.65;;;;;P
00003;00101008;00000275;6;transferencia;1130484.96;;;;;P
00003;00101009;00000005;6;transferencia;546806.5;;;;;P
00003;00101010;00000067;6;transferencia;3419096.04;;;;;P
00003;00101011;00000032;6;transferencia;1890919.03;;;;;P
00003;00007869;00000017;6;transferencia;347042.9;;;;;P
01900;00007930;00000032;6;transferencia;3700.0;;;;;P
01900;00001148;00000144;6;transferencia;150.68;;;;;P
01900;00001149;00000312;6;transferencia;53.0;;;;;P
01900;00001150;00000111;6;transferencia;296.95;;;;;P
01900;00001151;00000214;6;transferencia;151.57;;;;;P
01900;00001152;00000050;6;transferencia;1360.45;;;;;P
01900;00001153;00000314;6;transferencia;95.0;;;;;P
01900;00001154;00000165;6;transferencia;200.12;;;;;P
01900;00001155;00000119;6;transferencia;1240.77;;;;;P
01900;00001156;00000224;6;transferencia;361.04;;;;;P
01900;00001157;00000317;6;transferencia;832.0;;;;;P
00003;00101012;00000242;6;transferencia;500000.0;;;;;P
00003;00101014;00000207;6;transferencia;1053840.34;;;;;P
00003;00101015;00000207;6;transferencia;346159.66;;;;;P
01900;00001158;00000112;6;transferencia;5752.26;;;;;P
01900;00001159;00000316;6;transferencia;52.0;;;;;P
01900;00001160;00000316;6;transferencia;52.0;;;;;P
01900;00001161;00000181;6;transferencia;560.0;;;;;P
01900;00001162;00000291;6;transferencia;324.53;;;;;P
01900;00001163;00000299;6;transferencia;158.0;;;;;P
01900;00001164;00000318;6;transferencia;48.0;;;;;P
01900;00007931;00000319;6;transferencia;260.0;;;;;P
01900;00007868;00000320;6;transferencia;235.0;;;;;P
01900;00001165;00000111;6;transferencia;251.57;;;;;P
01900;00001166;00000254;6;transferencia;649.75;;;;;P
01900;00001167;00000056;6;transferencia;4705.0;;;;;P
01900;00001170;00000317;6;transferencia;236.0;;;;;P
01900;00001173;00000321;6;transferencia;64.0;;;;;P
01900;00001271;00000316;6;transferencia;104.0;;;;;P
01900;00001189;00000315;6;transferencia;72.0;;;;;P
00003;00101021;00000311;6;transferencia;459800.0;;;;;P
01900;00001196;00000122;6;transferencia;163.53;;;;;P
01900;00001206;00000221;6;transferencia;1000.0;;;;;P
01900;00007957;00000006;6;transferencia;800.0;;;;;P
01900;00007871;00000043;6;transferencia;714.28;;;;;P
01900;00007870;00000305;6;transferencia;158.56;;;;;P
01900;00007956;00000143;6;transferencia;227.0;;;;;P
00003;00101016;00000308;6;transferencia;664521.72;;;;;P
01900;00001168;00000056;6;transferencia;1250.0;;;;;P
01900;00001169;00000111;6;transferencia;206.0;;;;;P
01900;00001171;00000299;6;transferencia;160.0;;;;;P
00003;00007872;00000139;6;transferencia;10696010.45;;;;;P
01900;00001172;00000305;6;transferencia;169.49;;;;;P
01900;00001174;00000056;6;transferencia;4500.0;;;;;P
01900;00001175;00000056;6;transferencia;1415.0;;;;;P
01900;00001176;00000056;6;transferencia;1108.0;;;;;P
01900;00001236;00000056;6;transferencia;3121.79;;;;;P
00003;00101017;00000026;6;transferencia;1485770.4;;;;;P
00003;00101018;00000004;6;transferencia;4130512.35;;;;;P
00003;00101019;00000025;6;transferencia;1039003.2;;;;;P
01900;00007874;00000016;6;transferencia;365.65;;;;;P
01900;00007875;00000016;6;transferencia;591.5;;;;;P
01900;00007876;00000068;6;transferencia;956.52;;;;;P
01900;00007933;00000235;6;transferencia;1295.62;;;;;P
01900;00001179;00000252;6;transferencia;400.0;;;;;P
01900;00001180;00000045;6;transferencia;1871.73;;;;;P
01900;00001181;00000112;6;transferencia;5892.0;;;;;P
01900;00001182;00000136;6;transferencia;3684.59;;;;;P
01900;00001183;00000301;6;transferencia;309.0;;;;;P
01900;00001184;00000296;6;transferencia;324.0;;;;;P
01900;00001185;00000323;6;transferencia;73.0;;;;;P
01900;00007729;00000191;6;transferencia;357.14;;;;;P
01900;00001205;00000122;6;transferencia;629.01;;;;;P
00003;00101033;00000004;6;transferencia;5084913.4;;;;;P
01900;00001190;00000252;6;transferencia;500.0;;;;;P
01900;00007877;00000063;6;transferencia;5690.07;;;;;P
01900;00007958;00000143;6;transferencia;157.7;;;;;P
00003;00101020;00000322;6;transferencia;129735.0;;;;;P
01900;00001191;00000313;6;transferencia;138.0;;;;;P
01900;00001192;00000293;6;transferencia;184.95;;;;;P
00003;00101022;00000268;6;transferencia;206590.0;;;;;P
01900;00001193;00000297;6;transferencia;586.0;;;;;P
01900;00007878;00000324;6;transferencia;776.61;;;;;P
01900;00001194;00000166;6;transferencia;379.37;;;;;P
01900;00001195;00000024;6;transferencia;1459.77;;;;;P
01900;00001197;00000214;6;transferencia;346.59;;;;;P
01900;00001198;00000172;6;transferencia;142.71;;;;;P
01900;00001199;00000061;6;transferencia;9075.17;;;;;P
00003;00101023;00000067;6;transferencia;2936670.81;;;;;P
01900;00007730;00000066;6;transferencia;428.57;;;;;P
00003;00101024;00000308;6;transferencia;485284.8;;;;;P
00003;00101025;00000025;6;transferencia;677049.3;;;;;P
01900;00001200;00000254;6;transferencia;145.81;;;;;P
00003;00101026;00000005;6;transferencia;412012.63;;;;;P
00003;00101027;00000005;6;transferencia;927192.8;;;;;P
01900;00001201;00000050;6;transferencia;1225.63;;;;;P
01900;00001202;00000250;6;transferencia;69.81;;;;;P
00003;00101028;00000028;6;transferencia;303395.7;;;;;P
00003;00101029;00000014;6;transferencia;239499.0;;;;;P
01900;00001203;00000252;6;transferencia;600.0;;;;;P
00003;00101030;00000020;6;transferencia;614209.8;;;;;P
01900;00001204;00000249;6;transferencia;653.17;;;;;P
01900;00007879;00000255;6;transferencia;300.0;;;;;P
01900;00001207;00000221;6;transferencia;1000.0;;;;;P
01900;00001208;00000143;6;transferencia;52.3;;;;;P
01900;00007961;00000132;6;transferencia;1909.44;;;;;P
01900;00001209;00000202;6;transferencia;4591.8;;;;;P
00003;00007960;00000028;6;transferencia;1101953.6;;;;;P
00003;00007880;00000207;6;transferencia;1000000.0;;;;;P
00003;00101034;00000026;6;transferencia;2125627.0;;;;;P
00003;00101036;00000308;6;transferencia;635585.95;;;;;P
01900;00001216;00000327;6;transferencia;352.0;;;;;P
01900;00001217;00000181;6;transferencia;1223.24;;;;;P
00003;00101040;00000031;6;transferencia;202288.95;;;;;P
01900;00001226;00000224;6;transferencia;253.54;;;;;P
01900;00001227;00000044;6;transferencia;410.87;;;;;P
01900;00001237;00000058;6;transferencia;464.0;;;;;P
01900;00001272;00000296;6;transferencia;225.0;;;;;P
01900;00001275;00000299;6;transferencia;196.0;;;;;P
01900;00007884;00000043;6;transferencia;703.86;;;;;P
00003;00007882;00000007;6;transferencia;1415000.0;;;;;P
01900;00001210;00000221;6;transferencia;1000.0;;;;;P
00003;00101035;00000139;6;transferencia;5487228.25;;;;;P
01900;00001211;00000328;6;transferencia;1522.0;;;;;P
01900;00001212;00000136;6;transferencia;1908.62;;;;;P
01900;00001213;00000048;6;transferencia;68.91;;;;;P
01900;00007887;00000040;6;transferencia;468.21;;;;;P
00003;00007886;00000207;6;transferencia;500000.0;;;;;P
01900;00001214;00000045;6;transferencia;1871.94;;;;;P
01900;00001215;00000214;6;transferencia;192.59;;;;;P
01900;00007962;00000329;6;transferencia;2787.9;;;;;P
01900;00007731;00000006;6;transferencia;557.37;;;;;P
01900;00007889;00000064;6;transferencia;227.15;;;;;P
01900;00007888;00000068;6;transferencia;294.77;;;;;P
01900;00007890;00000325;6;transferencia;400.0;;;;;P
01900;00001218;00000252;6;transferencia;500.0;;;;;P
01900;00001219;00000204;6;transferencia;64.75;;;;;P
00003;00101037;00000275;6;transferencia;97767.0;;;;;P
00003;00101038;00000308;6;transferencia;388417.5;;;;;P
00003;00101039;00000172;6;transferencia;1184999.25;;;;;P
00003;00101041;00000233;6;transferencia;186692.4;;;;;P
01900;00001220;00000181;6;transferencia;1223.24;;;;;P
01900;00007732;00000331;6;transferencia;8484.73;;;;;P
01900;00001221;00000024;6;transferencia;400.06;;;;;P
01900;00001222;00000144;6;transferencia;196.12;;;;;P
01900;00001223;00000050;6;transferencia;111.14;;;;;P
00003;00101042;00000285;6;transferencia;693244.0;;;;;P
01900;00001224;00000332;6;transferencia;125.85;;;;;P
01900;00001225;00000112;6;transferencia;2836.16;;;;;P
00003;00101043;00000005;6;transferencia;1462111.38;;;;;P
00003;00101044;00000172;6;transferencia;1489239.34;;;;;P
01900;00001228;00000221;6;transferencia;1000.0;;;;;P
01900;00001229;00000066;6;transferencia;352.11;;;;;P
00003;00101045;00000067;6;transferencia;4134762.61;;;;;P
00003;00101046;00000028;6;transferencia;1085527.8;;;;;P
00003;00101047;00000298;6;transferencia;459987.7;;;;;P
00003;00007891;00000207;6;transferencia;800000.0;;;;;P
01900;00001230;00000177;6;transferencia;128.1;;;;;P
01900;00007892;00000255;6;transferencia;200.0;;;;;P
01900;00001231;00000122;6;transferencia;424.09;;;;;P
01900;00001232;00000034;6;transferencia;1300.0;;;;;P
01900;00001233;00000252;6;transferencia;1000.0;;;;;P
01900;00001234;00000293;6;transferencia;273.64;;;;;P
01900;00001235;00000293;6;transferencia;401.0;;;;;P
00003;00007894;00000207;6;transferencia;400000.0;;;;;P
01900;00001238;00000058;6;transferencia;400.0;;;;;P
00003;00101048;00000308;6;transferencia;376859.7;;;;;P
00003;00101049;00000233;6;transferencia;168951.6;;;;;P
01900;00001241;00000264;6;transferencia;112.62;;;;;P
00003;00101050;00000004;6;transferencia;5719334.0;;;;;P
00003;00101051;00000027;6;transferencia;903986.96;;;;;P
00003;00101052;00000165;6;transferencia;2082869.79;;;;;P
01900;00001248;00000273;6;transferencia;145.27;;;;;P
01900;00001249;00000068;6;transferencia;975.0;;;;;P
00003;00101054;00000281;6;transferencia;134019.6;;;;;P
00003;00101055;00000005;6;transferencia;244325.2;;;;;P
01900;00001253;00000262;6;transferencia;533.98;;;;;P
00003;00101056;00000026;6;transferencia;960248.45;;;;;P
01900;00001239;00000112;6;transferencia;3759.72;;;;;P
01900;00007963;00000006;6;transferencia;700.0;;;;;P
01900;00007897;00000040;6;transferencia;349.9;;;;;P
01900;00007965;00000063;6;transferencia;6032.62;;;;;P
01900;00001240;00000218;6;transferencia;604.96;;;;;P
01900;00001242;00000045;6;transferencia;1898.45;;;;;P
01900;00001243;00000142;6;transferencia;327.61;;;;;P
01900;00001244;00000250;6;transferencia;65.39;;;;;P
01900;00001245;00000249;6;transferencia;1420.83;;;;;P
01900;00001246;00000045;6;transferencia;1898.46;;;;;P
01900;00001247;00000066;6;transferencia;274.19;;;;;P
01900;00001250;00000068;6;transferencia;975.0;;;;;P
00003;00101053;00000046;6;transferencia;1374560.0;;;;;P
00003;00007895;00000334;6;transferencia;415895.6;;;;;P
01900;00001251;00000335;6;transferencia;128.86;;;;;P
01900;00007898;00000068;6;transferencia;238.9;;;;;P
01900;00001254;00000072;6;transferencia;760.6;;;;;P
01900;00007935;00000326;6;transferencia;306.55;;;;;P
00003;00007936;00000139;6;transferencia;10783313.73;;;;;P
01900;00007899;00000212;6;transferencia;1000.0;;;;;P
01900;00007733;00000212;6;transferencia;324.26;;;;;P
00003;00101057;00000168;6;transferencia;11851479.55;;;;;P
01900;00001255;00000037;6;transferencia;286.99;;;;;P
00003;00101058;00000209;6;transferencia;16198573.71;;;;;P
00003;00101059;00000275;6;transferencia;540661.91;;;;;P
00003;00101060;00000005;6;transferencia;378557.8;;;;;P
00003;00101061;00000012;6;transferencia;541362.4;;;;;P
01900;00001256;00000016;6;transferencia;1194.3;;;;;P
00003;00007938;00000207;6;transferencia;1169170.1;;;;;P
00003;00007937;00000207;6;transferencia;500000.0;;;;;P
01900;00001257;00000305;6;transferencia;240.0;;;;;P
01900;00001258;00000072;6;transferencia;514.63;;;;;P
01900;00007940;00000246;6;transferencia;1067.0;;;;;P
01900;00001259;00000113;6;transferencia;149.78;;;;;P
00003;00101062;00000004;6;transferencia;647477.4;;;;;P
00003;00101063;00000235;6;transferencia;534871.0;;;;;P
01900;00001260;00000172;6;transferencia;191.45;;;;;P
00003;00101064;00000275;6;transferencia;296498.11;;;;;P
01900;00001261;00000045;6;transferencia;1200.67;;;;;P
01900;00001262;00000112;6;transferencia;4600.0;;;;;P
01900;00001263;00000338;6;transferencia;806.65;;;;;P
01900;00001264;00000214;6;transferencia;330.44;;;;;P
01900;00001265;00000037;6;transferencia;1300.42;;;;;P
01900;00001266;00000068;6;transferencia;950.0;;;;;P
00003;00101065;00000026;6;transferencia;1384464.67;;;;;P
01900;00001267;00000136;6;transferencia;4203.96;;;;;P
01900;00001268;00000221;6;transferencia;1000.0;;;;;P
01900;00001269;00000291;6;transferencia;1676.05;;;;;P
00003;00101066;00000067;6;transferencia;1407141.26;;;;;P
00003;00101067;00000006;6;transferencia;1000000.0;;;;;P
01900;00007734;00000006;6;transferencia;668.89;;;;;P
00003;00007942;00000007;6;transferencia;1500000.0;;;;;P
01900;00007941;00000325;6;transferencia;400.0;;;;;P
01900;00007966;00000339;6;transferencia;700.0;;;;;P
00003;00101068;00000308;6;transferencia;816688.6;;;;;P
00003;00101069;00000020;6;transferencia;99165.75;;;;;P
00003;00101070;00000207;6;transferencia;496719.02;;;;;P
00003;00101071;00000295;6;transferencia;103283.98;;;;;P
01900;00001270;00000186;6;transferencia;462.0;;;;;P
00003;00101073;00000336;6;transferencia;217891.5;;;;;P
01900;00001273;00000300;6;transferencia;257.0;;;;;P
01900;00001274;00000327;6;transferencia;220.0;;;;;P
01900;00001276;00000340;6;transferencia;183.0;;;;;P
01900;00001277;00000341;6;transferencia;2225.0;;;;;P
01900;00007934;00000342;6;transferencia;216.0;;;;;P
01900;00001278;00000343;6;transferencia;115.0;;;;;P
01900;00001279;00000066;6;transferencia;267.0;;;;;P
01900;00001280;00000154;6;transferencia;606.0;;;;;P
01900;00001281;00000293;6;transferencia;404.38;;;;;P
00003;00101076;00000013;6;transferencia;1085182.65;;;;;P
01900;00001292;00000050;6;transferencia;50.25;;;;;P
01900;00001293;00000333;6;transferencia;135.0;;;;;P
01900;00001294;00000166;6;transferencia;50.99;;;;;P
01900;00001302;00000293;6;transferencia;186.02;;;;;P
01900;00001308;00000056;6;transferencia;1570.0;;;;;P
01900;00001400;00000072;6;transferencia;42.15;;;;;P
01900;00001415;00000350;6;transferencia;383.99;;;;;P
01900;00007943;00000337;6;transferencia;4607.99;;;;;P
00003;00101074;00000004;6;transferencia;16040210.75;;;;;P
01900;00001282;00000202;6;transferencia;5906.17;;;;;P
01900;00001283;00000132;6;transferencia;93.83;;;;;P
00003;00101075;00000242;6;transferencia;200000.0;;;;;P
00003;00101077;00000275;6;transferencia;63498.75;;;;;P
01900;00001284;00000056;6;transferencia;9675.0;;;;;P
01900;00007736;00000338;6;transferencia;676.24;;;;;P
01900;00007945;00000066;6;transferencia;331.12;;;;;P
00003;00007944;00000007;6;transferencia;900000.0;;;;;P
01900;00001285;00000224;6;transferencia;773.58;;;;;P
01900;00001286;00000297;6;transferencia;376.15;;;;;P
01900;00001287;00000181;6;transferencia;611.62;;;;;P
01900;00007735;00000288;6;transferencia;175.0;;;;;P
00003;00101078;00000281;6;transferencia;482528.05;;;;;P
01900;00001288;00000299;6;transferencia;220.46;;;;;P
01900;00001289;00000056;6;transferencia;1000.0;;;;;P
01900;00007946;00000025;6;transferencia;6900.0;;;;;P
00003;00101079;00000205;6;transferencia;15686453.31;;;;;P
01900;00001290;00000160;6;transferencia;164.35;;;;;P
01900;00001291;00000112;6;transferencia;1077.66;;;;;P
00003;00101080;00000013;6;transferencia;1025282.6;;;;;P
00003;00101081;00000026;6;transferencia;1260139.39;;;;;P
01900;00001295;00000024;6;transferencia;446.9;;;;;P
01900;00001296;00000142;6;transferencia;358.6;;;;;P
01900;00001297;00000061;6;transferencia;13469.55;;;;;P
01900;00001298;00000322;6;transferencia;82.0;;;;;P
01900;00007947;00000063;6;transferencia;6370.24;;;;;P
00003;00007949;00000295;6;transferencia;1000000.0;;;;;P
01900;00001299;00000122;6;transferencia;459.36;;;;;P
01900;00001300;00000224;6;transferencia;534.41;;;;;P
01900;00001301;00000305;6;transferencia;193.69;;;;;P
00003;00101082;00000295;6;transferencia;84465.0;;;;;P
00003;00101083;00000005;6;transferencia;270082.92;;;;;P
00003;00101084;00000139;6;transferencia;5400000.0;;;;;P
01900;00001303;00000221;6;transferencia;2229.67;;;;;P
01900;00007984;00000334;6;transferencia;138.0;;;;;P
01900;00007738;00000143;6;transferencia;214.0;;;;;P
01900;00001304;00000181;6;transferencia;611.62;;;;;P
01900;00001305;00000136;6;transferencia;1746.18;;;;;P
00003;00101085;00000014;6;transferencia;246120.0;;;;;P
00003;00101086;00000213;6;transferencia;169663.6;;;;;P
00003;00101087;00000067;6;transferencia;1408914.83;;;;;P
01900;00001306;00000068;6;transferencia;2000.0;;;;;P
01900;00001307;00000056;6;transferencia;1652.0;;;;;P
01900;00001309;00000312;6;transferencia;404.38;;;;;P
00003;00007950;00000025;6;transferencia;7555105.6;;;;;P
00003;00101088;00000275;6;transferencia;632702.25;;;;;P
00003;00101089;00000308;6;transferencia;1260718.31;;;;;P
01900;00001310;00000177;6;transferencia;206.45;;;;;P
01900;00007740;00000006;6;transferencia;1020.0;;;;;P
01900;00001311;00000119;6;transferencia;1113.46;;;;;P
01900;00001312;00000181;6;transferencia;611.62;;;;;P
00003;00101090;00000295;6;transferencia;1232000.0;;;;;P
01900;00001313;00000252;6;transferencia;600.0;;;;;P
01900;00001314;00000345;6;transferencia;161.4;;;;;P
01900;00001315;00000181;6;transferencia;1223.24;;;;;P
01900;00001316;00000056;6;transferencia;2100.0;;;;;P
01900;00001317;00000056;6;transferencia;705.0;;;;;P
01900;00001318;00000056;6;transferencia;1336.0;;;;;P
01900;00007742;00000046;6;transferencia;2500.0;;;;;P
01900;00001319;00000111;6;transferencia;202.35;;;;;P
00003;00101091;00000277;6;transferencia;406964.8;;;;;P
01900;00001320;00000346;6;transferencia;116.54;;;;;P
01900;00007743;00000337;6;transferencia;1300.0;;;;;P
01900;00001321;00000034;6;transferencia;5060.0;;;;;P
01900;00001322;00000056;6;transferencia;1330.0;;;;;P
00003;00101092;00000233;6;transferencia;158685.0;;;;;P
01900;00008002;00000066;6;transferencia;333.0;;;;;P
00003;00101094;00000308;6;transferencia;129111.33;;;;;P
01900;00001327;00000347;6;transferencia;411.56;;;;;P
01900;00007739;00000348;6;transferencia;300.0;;;;;P
00003;00101095;00000295;6;transferencia;454500.0;;;;;P
01900;00001328;00000296;6;transferencia;209.67;;;;;P
01900;00001399;00000072;6;transferencia;126.1;;;;;P
00003;00101093;00000005;6;transferencia;185130.05;;;;;P
01900;00001323;00000056;6;transferencia;705.0;;;;;P
01900;00001324;00000316;6;transferencia;233.58;;;;;P
01900;00001326;00000056;6;transferencia;1007.0;;;;;P
01900;00001329;00000252;6;transferencia;1.42;;;;;P
01900;00001330;00000037;6;transferencia;30.01;;;;;P
00003;00101096;00000230;6;transferencia;580381.35;;;;;P
01900;00007744;00000063;6;transferencia;3328.97;;;;;P
00003;00101097;00000067;6;transferencia;191216.0;;;;;P
00003;00007746;00000007;6;transferencia;1500000.0;;;;;P
01900;00001331;00000312;6;transferencia;439.45;;;;;P
01900;00001332;00000312;6;transferencia;56.7;;;;;P
00003;00101098;00000210;6;transferencia;16514972.98;;;;;P
00003;00101099;00000004;6;transferencia;6633000.0;;;;;P
01900;00007748;00000046;6;transferencia;1828.3;;;;;P
00003;00007747;00000295;6;transferencia;752000.0;;;;;P
01900;00001333;00000056;6;transferencia;1000.0;;;;;P
01900;00001334;00000056;6;transferencia;3242.88;;;;;P
01900;00007749;00000246;6;transferencia;100.0;;;;;P
01900;00001335;00000045;6;transferencia;425.16;;;;;P
01900;00001336;00000284;6;transferencia;71.6;;;;;P
01900;00001337;00000305;6;transferencia;379.3;;;;;P
01900;00001338;00000350;6;transferencia;523.68;;;;;P
01900;00001339;00000350;6;transferencia;689.8;;;;;P
01900;00001341;00000312;6;transferencia;381.47;;;;;P
01900;00001342;00000312;6;transferencia;61.81;;;;;P
00003;00101100;00000013;6;transferencia;1111494.9;;;;;P
00003;00101101;00000004;6;transferencia;6666052.9;;;;;P
00003;00101102;00000233;6;transferencia;98117.0;;;;;P
01900;00001343;00000314;6;transferencia;148.86;;;;;P
01900;00001344;00000181;6;transferencia;611.62;;;;;P
01900;00001345;00000056;6;transferencia;4300.0;;;;;P
01900;00001346;00000344;6;transferencia;1423.39;;;;;P
01900;00001347;00000350;6;transferencia;914.04;;;;;P
01900;00001348;00000003;6;transferencia;265.0;;;;;P
00003;00101110;00000020;6;transferencia;96398.4;;;;;P
00003;00101112;00000295;6;transferencia;1368000.0;;;;;P
01900;00001350;00000056;6;transferencia;3300.0;;;;;P
01900;00001351;00000056;6;transferencia;6442.0;;;;;P
01900;00001352;00000316;6;transferencia;71.55;;;;;P
01900;00001353;00000056;6;transferencia;1300.0;;;;;P
01900;00001354;00000056;6;transferencia;2000.0;;;;;P
00003;00101104;00000067;6;transferencia;1137262.93;;;;;P
00003;00101105;00000005;6;transferencia;525267.5;;;;;P
00003;00101106;00000026;6;transferencia;1545018.1;;;;;P
01900;00001367;00000056;6;transferencia;300.0;;;;;P
00003;00101107;00000336;6;transferencia;164484.3;;;;;P
01900;00001357;00000327;6;transferencia;98.7;;;;;P
01900;00001358;00000056;6;transferencia;2897.0;;;;;P
01900;00001359;00000056;6;transferencia;405.34;;;;;P
01900;00001360;00000224;6;transferencia;1059.12;;;;;P
01900;00001361;00000056;6;transferencia;5000.0;;;;;P
01900;00001362;00000056;6;transferencia;167.0;;;;;P
00003;00008054;00000007;6;transferencia;1535000.0;;;;;P
01900;00007750;00000043;6;transferencia;940.0;;;;;P
01900;00008052;00000337;6;transferencia;395.06;;;;;P
01900;00008051;00000325;6;transferencia;300.0;;;;;P
01900;00008004;00000068;6;transferencia;986.0;;;;;P
00003;00101108;00000275;6;transferencia;263738.78;;;;;P
01900;00001363;00000136;6;transferencia;2129.95;;;;;P
00003;00101109;00000028;6;transferencia;800000.0;;;;;P
00003;00101111;00000281;6;transferencia;572546.0;;;;;P
01900;00001364;00000327;6;transferencia;232.72;;;;;P
00003;00101113;00000295;6;transferencia;328320.0;;;;;P
01900;00001365;00000348;6;transferencia;24.8;;;;;P
01900;00008005;00000006;6;transferencia;1000.0;;;;;P
01900;00001366;00000317;6;transferencia;172.8;;;;;P
01900;00001368;00000056;6;transferencia;554.0;;;;;P
01900;00001369;00000056;6;transferencia;1032.0;;;;;P
01900;00001370;00000296;6;transferencia;157.48;;;;;P
01900;00001371;00000277;6;transferencia;80.97;;;;;P
00003;00008056;00000139;6;transferencia;11803912.3;;;;;P
00003;00008055;00000235;6;transferencia;9436654.25;;;;;P
00003;00101114;00000295;6;transferencia;456000.0;;;;;P
00003;00101115;00000351;6;transferencia;5149727.4;;;;;P
01900;00008057;00000063;6;transferencia;3543.95;;;;;P
01900;00001372;00000056;6;transferencia;1100.0;;;;;P
01900;00001373;00000297;6;transferencia;1071.0;;;;;P
00003;00101116;00000242;6;transferencia;200000.0;;;;;P
01900;00001374;00000122;6;transferencia;727.94;;;;;P
00003;00101117;00000353;6;transferencia;121939.0;;;;;P
01900;00008053;00000080;6;transferencia;300.0;;;;;P
00003;00008058;00000007;6;transferencia;1530000.0;;;;;P
01900;00008006;00000143;6;transferencia;200.0;;;;;P
01900;00001375;00000296;6;transferencia;130.76;;;;;P
00003;00101118;00000308;6;transferencia;209159.1;;;;;P
01900;00001377;00000056;6;transferencia;2000.0;;;;;P
01900;00001383;00000221;6;transferencia;767.51;;;;;P
01900;00001388;00000218;6;transferencia;220.81;;;;;P
00003;00101119;00000235;6;transferencia;2422915.65;;;;;P
00003;00101120;00000004;6;transferencia;7647546.0;;;;;P
01900;00001376;00000252;6;transferencia;455.45;;;;;P
01900;00001378;00000214;6;transferencia;359.39;;;;;P
01900;00008007;00000068;6;transferencia;990.0;;;;;P
01900;00001379;00000112;6;transferencia;275.27;;;;;P
01900;00001380;00000112;6;transferencia;3005.17;;;;;P
01900;00007456;00000191;6;transferencia;1151.47;;;;;P
01900;00001381;00000305;6;transferencia;420.14;;;;;P
01900;00001382;00000090;6;transferencia;824.47;;;;;P
01900;00001384;00000202;6;transferencia;129.39;;;;;P
01900;00001385;00000132;6;transferencia;4870.61;;;;;P
00003;00101121;00000295;6;transferencia;608000.0;;;;;P
01900;00001386;00000344;6;transferencia;704.72;;;;;P
01900;00001387;00000350;6;transferencia;228.5;;;;;P
01900;00001389;00000296;6;transferencia;61.9;;;;;P
01900;00001390;00000200;6;transferencia;2495.75;;;;;P
01900;00001391;00000066;6;transferencia;263.15;;;;;P
01900;00001392;00000181;6;transferencia;1223.24;;;;;P
01900;00001393;00000296;6;transferencia;130.44;;;;;P
01900;00001394;00000072;6;transferencia;24.37;;;;;P
01900;00001395;00000312;6;transferencia;419.58;;;;;P
01900;00001396;00000034;6;transferencia;300.0;;;;;P
00003;00101122;00000352;6;transferencia;128290.2;;;;;P
00003;00101123;00000295;6;transferencia;688500.0;;;;;P
01900;00001397;00000056;6;transferencia;2800.0;;;;;P
01900;00001398;00000056;6;transferencia;100.0;;;;;P
01900;00007805;00000056;6;transferencia;5000.0;;;;;P
00003;00101124;00000168;6;transferencia;11626217.97;;;;;P
01900;00007807;00000006;6;transferencia;1000.0;;;;;P
00003;00008059;00000017;6;transferencia;880905.15;;;;;P
01900;00008061;00000068;6;transferencia;984.0;;;;;P
01900;00008060;00000043;6;transferencia;653.59;;;;;P
01900;00007806;00000334;6;transferencia;100.0;;;;;P
01900;00001401;00000334;6;transferencia;118.07;;;;;P
01900;00001402;00000056;6;transferencia;2000.0;;;;;P
01900;00001403;00000056;6;transferencia;4000.0;;;;;P
01900;00001404;00000056;6;transferencia;6530.0;;;;;P
01900;00008062;00000264;6;transferencia;125.13;;;;;P
00003;00101125;00000005;6;transferencia;709308.0;;;;;P
00003;00101126;00000012;6;transferencia;220316.75;;;;;P
00003;00101127;00000235;6;transferencia;5661604.35;;;;;P
00003;00101128;00000026;6;transferencia;2945415.04;;;;;P
01900;00001405;00000169;6;transferencia;453.45;;;;;P
01900;00001406;00000034;6;transferencia;136.89;;;;;P
01900;00001407;00000181;6;transferencia;611.62;;;;;P
01900;00001408;00000343;6;transferencia;74.24;;;;;P
01900;00001409;00000142;6;transferencia;117.5;;;;;P
01900;00001410;00000316;6;transferencia;57.35;;;;;P
01900;00001411;00000218;6;transferencia;375.21;;;;;P
01900;00001412;00000296;6;transferencia;117.38;;;;;P
00003;00101129;00000013;6;transferencia;2462102.25;;;;;P
00003;00101130;00000067;6;transferencia;2323137.55;;;;;P
00003;00101131;00000281;6;transferencia;257108.85;;;;;P
01900;00001413;00000056;6;transferencia;620.0;;;;;P
01900;00001414;00000355;6;transferencia;146.97;;;;;P
01900;00001057;00000291;6;transferencia;186.62;;;;;P
01900;00001058;00000291;6;transferencia;421.36;;;;;P
01900;00001059;00000210;6;transferencia;11604.96;;;;;P
01900;00001060;00000209;6;transferencia;12290.16;;;;;P
00003;00100952;00000020;6;transferencia;320411.6;;;;;P
